Username,LocationID,Token,DeviceID,SerialNumber,SceneID
user_6f0127,690c4536956d5689c9b0e341,eyJhbGciOiJIUzI1NiIsInR5cCI6IkpXVCJ9.eyJ1c2VyX2lkIjoiNjkwYzQ1MTg5NTZkNTY4OWM5YjBlMmYxIiwidXNlcl9yb2xlIjoidXNlciIsImlhdCI6MTc2MjQxMTgwMH0.3w7GeTUT235EJ9ZZStJC-5sMfofdrYpTQVKiX4u5n3o,6909c374ce1c1489ebdeb29d,SPLLOADTEST00001,690c462ece1c1489ebdee8d9
user_6f0127,690c4536956d5689c9b0e342,eyJhbGciOiJIUzI1NiIsInR5cCI6IkpXVCJ9.eyJ1c2VyX2lkIjoiNjkwYzQ1MTg5NTZkNTY4OWM5YjBlMmYxIiwidXNlcl9yb2xlIjoidXNlciIsImlhdCI6MTc2MjQxMTgwMH0.3w7GeTUT235EJ9ZZStJC-5sMfofdrYpTQVKiX4u5n3o,6909c374956d5689c9b0b535,SPLLOADTEST00002,690c462ece1c1489ebdee8d9
user_6f0127,690c4536956d5689c9b0e343,eyJhbGciOiJIUzI1NiIsInR5cCI6IkpXVCJ9.eyJ1c2VyX2lkIjoiNjkwYzQ1MTg5NTZkNTY4OWM5YjBlMmYxIiwidXNlcl9yb2xlIjoidXNlciIsImlhdCI6MTc2MjQxMTgwMH0.3w7GeTUT235EJ9ZZStJC-5sMfofdrYpTQVKiX4u5n3o,6909c3745dd34d89da81ccc7,SPLLOADTEST00003,690c462ece1c1489ebdee8d9
user_6f0127,690c4536956d5689c9b0e344,eyJhbGciOiJIUzI1NiIsInR5cCI6IkpXVCJ9.eyJ1c2VyX2lkIjoiNjkwYzQ1MTg5NTZkNTY4OWM5YjBlMmYxIiwidXNlcl9yb2xlIjoidXNlciIsImlhdCI6MTc2MjQxMTgwMH0.3w7GeTUT235EJ9ZZStJC-5sMfofdrYpTQVKiX4u5n3o,6909c374ce1c1489ebdeb29f,SPLLOADTEST00004,690c462ece1c1489ebdee8d9
user_6f0127,690c4536956d5689c9b0e345,eyJhbGciOiJIUzI1NiIsInR5cCI6IkpXVCJ9.eyJ1c2VyX2lkIjoiNjkwYzQ1MTg5NTZkNTY4OWM5YjBlMmYxIiwidXNlcl9yb2xlIjoidXNlciIsImlhdCI6MTc2MjQxMTgwMH0.3w7GeTUT235EJ9ZZStJC-5sMfofdrYpTQVKiX4u5n3o,6909c375956d5689c9b0b537,SPLLOADTEST00005,690c462ece1c1489ebdee8d9
user_6f0127,690c4536956d5689c9b0e346,eyJhbGciOiJIUzI1NiIsInR5cCI6IkpXVCJ9.eyJ1c2VyX2lkIjoiNjkwYzQ1MTg5NTZkNTY4OWM5YjBlMmYxIiwidXNlcl9yb2xlIjoidXNlciIsImlhdCI6MTc2MjQxMTgwMH0.3w7GeTUT235EJ9ZZStJC-5sMfofdrYpTQVKiX4u5n3o,6909c3755dd34d89da81ccc9,SPLLOADTEST00006,690c462ece1c1489ebdee8d9
user_6f0127,690c4536956d5689c9b0e347,eyJhbGciOiJIUzI1NiIsInR5cCI6IkpXVCJ9.eyJ1c2VyX2lkIjoiNjkwYzQ1MTg5NTZkNTY4OWM5YjBlMmYxIiwidXNlcl9yb2xlIjoidXNlciIsImlhdCI6MTc2MjQxMTgwMH0.3w7GeTUT235EJ9ZZStJC-5sMfofdrYpTQVKiX4u5n3o,6909c375ce1c1489ebdeb2a1,SPLLOADTEST00007,690c462ece1c1489ebdee8d9
user_6f0127,690c4536956d5689c9b0e348,eyJhbGciOiJIUzI1NiIsInR5cCI6IkpXVCJ9.eyJ1c2VyX2lkIjoiNjkwYzQ1MTg5NTZkNTY4OWM5YjBlMmYxIiwidXNlcl9yb2xlIjoidXNlciIsImlhdCI6MTc2MjQxMTgwMH0.3w7GeTUT235EJ9ZZStJC-5sMfofdrYpTQVKiX4u5n3o,6909c375956d5689c9b0b539,SPLLOADTEST00008,690c462ece1c1489ebdee8d9
user_6f0127,690c4536956d5689c9b0e349,eyJhbGciOiJIUzI1NiIsInR5cCI6IkpXVCJ9.eyJ1c2VyX2lkIjoiNjkwYzQ1MTg5NTZkNTY4OWM5YjBlMmYxIiwidXNlcl9yb2xlIjoidXNlciIsImlhdCI6MTc2MjQxMTgwMH0.3w7GeTUT235EJ9ZZStJC-5sMfofdrYpTQVKiX4u5n3o,6909c3755dd34d89da81cccb,SPLLOADTEST00009,690c462ece1c1489ebdee8d9
user_6f0127,690c4536956d5689c9b0e34a,eyJhbGciOiJIUzI1NiIsInR5cCI6IkpXVCJ9.eyJ1c2VyX2lkIjoiNjkwYzQ1MTg5NTZkNTY4OWM5YjBlMmYxIiwidXNlcl9yb2xlIjoidXNlciIsImlhdCI6MTc2MjQxMTgwMH0.3w7GeTUT235EJ9ZZStJC-5sMfofdrYpTQVKiX4u5n3o,6909c375ce1c1489ebdeb2a3,SPLLOADTEST00010,690c462ece1c1489ebdee8d9
user_1f5a18,690c45365dd34d89da81f71d,eyJhbGciOiJIUzI1NiIsInR5cCI6IkpXVCJ9.eyJ1c2VyX2lkIjoiNjkwYzQ1MTk1ZGQzNGQ4OWRhODFmNmNlIiwidXNlcl9yb2xlIjoidXNlciIsImlhdCI6MTc2MjQxMTgwMX0.R3lM_8L8xmGeCMa_SIDv9NyMAoG67DiSQxOVoviQd8g,6909c375956d5689c9b0b53b,SPLLOADTEST00011,690c462e956d5689c9b0e5fa
user_1f5a18,690c45365dd34d89da81f71e,eyJhbGciOiJIUzI1NiIsInR5cCI6IkpXVCJ9.eyJ1c2VyX2lkIjoiNjkwYzQ1MTk1ZGQzNGQ4OWRhODFmNmNlIiwidXNlcl9yb2xlIjoidXNlciIsImlhdCI6MTc2MjQxMTgwMX0.R3lM_8L8xmGeCMa_SIDv9NyMAoG67DiSQxOVoviQd8g,6909c3755dd34d89da81cccd,SPLLOADTEST00012,690c462e956d5689c9b0e5fa
user_1f5a18,690c45365dd34d89da81f71f,eyJhbGciOiJIUzI1NiIsInR5cCI6IkpXVCJ9.eyJ1c2VyX2lkIjoiNjkwYzQ1MTk1ZGQzNGQ4OWRhODFmNmNlIiwidXNlcl9yb2xlIjoidXNlciIsImlhdCI6MTc2MjQxMTgwMX0.R3lM_8L8xmGeCMa_SIDv9NyMAoG67DiSQxOVoviQd8g,6909c375ce1c1489ebdeb2a5,SPLLOADTEST00013,690c462e956d5689c9b0e5fa
user_1f5a18,690c45365dd34d89da81f720,eyJhbGciOiJIUzI1NiIsInR5cCI6IkpXVCJ9.eyJ1c2VyX2lkIjoiNjkwYzQ1MTk1ZGQzNGQ4OWRhODFmNmNlIiwidXNlcl9yb2xlIjoidXNlciIsImlhdCI6MTc2MjQxMTgwMX0.R3lM_8L8xmGeCMa_SIDv9NyMAoG67DiSQxOVoviQd8g,6909c375956d5689c9b0b53d,SPLLOADTEST00014,690c462e956d5689c9b0e5fa
user_1f5a18,690c45365dd34d89da81f721,eyJhbGciOiJIUzI1NiIsInR5cCI6IkpXVCJ9.eyJ1c2VyX2lkIjoiNjkwYzQ1MTk1ZGQzNGQ4OWRhODFmNmNlIiwidXNlcl9yb2xlIjoidXNlciIsImlhdCI6MTc2MjQxMTgwMX0.R3lM_8L8xmGeCMa_SIDv9NyMAoG67DiSQxOVoviQd8g,6909c3755dd34d89da81cccf,SPLLOADTEST00015,690c462e956d5689c9b0e5fa
user_1f5a18,690c45365dd34d89da81f722,eyJhbGciOiJIUzI1NiIsInR5cCI6IkpXVCJ9.eyJ1c2VyX2lkIjoiNjkwYzQ1MTk1ZGQzNGQ4OWRhODFmNmNlIiwidXNlcl9yb2xlIjoidXNlciIsImlhdCI6MTc2MjQxMTgwMX0.R3lM_8L8xmGeCMa_SIDv9NyMAoG67DiSQxOVoviQd8g,6909c375ce1c1489ebdeb2a7,SPLLOADTEST00016,690c462e956d5689c9b0e5fa
user_1f5a18,690c45365dd34d89da81f723,eyJhbGciOiJIUzI1NiIsInR5cCI6IkpXVCJ9.eyJ1c2VyX2lkIjoiNjkwYzQ1MTk1ZGQzNGQ4OWRhODFmNmNlIiwidXNlcl9yb2xlIjoidXNlciIsImlhdCI6MTc2MjQxMTgwMX0.R3lM_8L8xmGeCMa_SIDv9NyMAoG67DiSQxOVoviQd8g,6909c375956d5689c9b0b53f,SPLLOADTEST00017,690c462e956d5689c9b0e5fa
user_1f5a18,690c45365dd34d89da81f724,eyJhbGciOiJIUzI1NiIsInR5cCI6IkpXVCJ9.eyJ1c2VyX2lkIjoiNjkwYzQ1MTk1ZGQzNGQ4OWRhODFmNmNlIiwidXNlcl9yb2xlIjoidXNlciIsImlhdCI6MTc2MjQxMTgwMX0.R3lM_8L8xmGeCMa_SIDv9NyMAoG67DiSQxOVoviQd8g,6909c3755dd34d89da81ccd1,SPLLOADTEST00018,690c462e956d5689c9b0e5fa
user_1f5a18,690c45365dd34d89da81f725,eyJhbGciOiJIUzI1NiIsInR5cCI6IkpXVCJ9.eyJ1c2VyX2lkIjoiNjkwYzQ1MTk1ZGQzNGQ4OWRhODFmNmNlIiwidXNlcl9yb2xlIjoidXNlciIsImlhdCI6MTc2MjQxMTgwMX0.R3lM_8L8xmGeCMa_SIDv9NyMAoG67DiSQxOVoviQd8g,6909c375ce1c1489ebdeb2a9,SPLLOADTEST00019,690c462e956d5689c9b0e5fa
user_1f5a18,690c45365dd34d89da81f726,eyJhbGciOiJIUzI1NiIsInR5cCI6IkpXVCJ9.eyJ1c2VyX2lkIjoiNjkwYzQ1MTk1ZGQzNGQ4OWRhODFmNmNlIiwidXNlcl9yb2xlIjoidXNlciIsImlhdCI6MTc2MjQxMTgwMX0.R3lM_8L8xmGeCMa_SIDv9NyMAoG67DiSQxOVoviQd8g,6909c376956d5689c9b0b541,SPLLOADTEST00020,690c462e956d5689c9b0e5fa
user_8d4c76,690c4536ce1c1489ebdee640,eyJhbGciOiJIUzI1NiIsInR5cCI6IkpXVCJ9.eyJ1c2VyX2lkIjoiNjkwYzQ1MWFjZTFjMTQ4OWViZGVlNWY0IiwidXNlcl9yb2xlIjoidXNlciIsImlhdCI6MTc2MjQxMTgwMn0.mKPGs0Ns_HZ9Jws0YTYFdsIXbe2drHUWPNGVudYZnNs,6909c3765dd34d89da81ccd3,SPLLOADTEST00021,690c462f5dd34d89da81f9b5
user_8d4c76,690c4536ce1c1489ebdee641,eyJhbGciOiJIUzI1NiIsInR5cCI6IkpXVCJ9.eyJ1c2VyX2lkIjoiNjkwYzQ1MWFjZTFjMTQ4OWViZGVlNWY0IiwidXNlcl9yb2xlIjoidXNlciIsImlhdCI6MTc2MjQxMTgwMn0.mKPGs0Ns_HZ9Jws0YTYFdsIXbe2drHUWPNGVudYZnNs,6909c376ce1c1489ebdeb2ab,SPLLOADTEST00022,690c462f5dd34d89da81f9b5
user_8d4c76,690c4536ce1c1489ebdee642,eyJhbGciOiJIUzI1NiIsInR5cCI6IkpXVCJ9.eyJ1c2VyX2lkIjoiNjkwYzQ1MWFjZTFjMTQ4OWViZGVlNWY0IiwidXNlcl9yb2xlIjoidXNlciIsImlhdCI6MTc2MjQxMTgwMn0.mKPGs0Ns_HZ9Jws0YTYFdsIXbe2drHUWPNGVudYZnNs,6909c376956d5689c9b0b543,SPLLOADTEST00023,690c462f5dd34d89da81f9b5
user_8d4c76,690c4536ce1c1489ebdee643,eyJhbGciOiJIUzI1NiIsInR5cCI6IkpXVCJ9.eyJ1c2VyX2lkIjoiNjkwYzQ1MWFjZTFjMTQ4OWViZGVlNWY0IiwidXNlcl9yb2xlIjoidXNlciIsImlhdCI6MTc2MjQxMTgwMn0.mKPGs0Ns_HZ9Jws0YTYFdsIXbe2drHUWPNGVudYZnNs,6909c3765dd34d89da81ccd5,SPLLOADTEST00024,690c462f5dd34d89da81f9b5
user_8d4c76,690c4536ce1c1489ebdee644,eyJhbGciOiJIUzI1NiIsInR5cCI6IkpXVCJ9.eyJ1c2VyX2lkIjoiNjkwYzQ1MWFjZTFjMTQ4OWViZGVlNWY0IiwidXNlcl9yb2xlIjoidXNlciIsImlhdCI6MTc2MjQxMTgwMn0.mKPGs0Ns_HZ9Jws0YTYFdsIXbe2drHUWPNGVudYZnNs,6909c376ce1c1489ebdeb2ad,SPLLOADTEST00025,690c462f5dd34d89da81f9b5
user_8d4c76,690c4536ce1c1489ebdee645,eyJhbGciOiJIUzI1NiIsInR5cCI6IkpXVCJ9.eyJ1c2VyX2lkIjoiNjkwYzQ1MWFjZTFjMTQ4OWViZGVlNWY0IiwidXNlcl9yb2xlIjoidXNlciIsImlhdCI6MTc2MjQxMTgwMn0.mKPGs0Ns_HZ9Jws0YTYFdsIXbe2drHUWPNGVudYZnNs,6909c376956d5689c9b0b545,SPLLOADTEST00026,690c462f5dd34d89da81f9b5
user_8d4c76,690c4536ce1c1489ebdee646,eyJhbGciOiJIUzI1NiIsInR5cCI6IkpXVCJ9.eyJ1c2VyX2lkIjoiNjkwYzQ1MWFjZTFjMTQ4OWViZGVlNWY0IiwidXNlcl9yb2xlIjoidXNlciIsImlhdCI6MTc2MjQxMTgwMn0.mKPGs0Ns_HZ9Jws0YTYFdsIXbe2drHUWPNGVudYZnNs,6909c3765dd34d89da81ccd7,SPLLOADTEST00027,690c462f5dd34d89da81f9b5
user_8d4c76,690c4536ce1c1489ebdee647,eyJhbGciOiJIUzI1NiIsInR5cCI6IkpXVCJ9.eyJ1c2VyX2lkIjoiNjkwYzQ1MWFjZTFjMTQ4OWViZGVlNWY0IiwidXNlcl9yb2xlIjoidXNlciIsImlhdCI6MTc2MjQxMTgwMn0.mKPGs0Ns_HZ9Jws0YTYFdsIXbe2drHUWPNGVudYZnNs,6909c376ce1c1489ebdeb2af,SPLLOADTEST00028,690c462f5dd34d89da81f9b5
user_8d4c76,690c4536ce1c1489ebdee648,eyJhbGciOiJIUzI1NiIsInR5cCI6IkpXVCJ9.eyJ1c2VyX2lkIjoiNjkwYzQ1MWFjZTFjMTQ4OWViZGVlNWY0IiwidXNlcl9yb2xlIjoidXNlciIsImlhdCI6MTc2MjQxMTgwMn0.mKPGs0Ns_HZ9Jws0YTYFdsIXbe2drHUWPNGVudYZnNs,6909c376956d5689c9b0b547,SPLLOADTEST00029,690c462f5dd34d89da81f9b5
user_8d4c76,690c4536ce1c1489ebdee649,eyJhbGciOiJIUzI1NiIsInR5cCI6IkpXVCJ9.eyJ1c2VyX2lkIjoiNjkwYzQ1MWFjZTFjMTQ4OWViZGVlNWY0IiwidXNlcl9yb2xlIjoidXNlciIsImlhdCI6MTc2MjQxMTgwMn0.mKPGs0Ns_HZ9Jws0YTYFdsIXbe2drHUWPNGVudYZnNs,6909c3765dd34d89da81ccd9,SPLLOADTEST00030,690c462f5dd34d89da81f9b5
user_2b9511,690c4536956d5689c9b0e34d,eyJhbGciOiJIUzI1NiIsInR5cCI6IkpXVCJ9.eyJ1c2VyX2lkIjoiNjkwYzQ1MWE5NTZkNTY4OWM5YjBlMmY3IiwidXNlcl9yb2xlIjoidXNlciIsImlhdCI6MTc2MjQxMTgwMn0.kUku2XCnfxqR9ZdyGPmShhGxbpnTWtXwlWDwQLLqrUk,6909c376ce1c1489ebdeb2b1,SPLLOADTEST00031,690c462fce1c1489ebdee8e9
user_2b9511,690c4536956d5689c9b0e34e,eyJhbGciOiJIUzI1NiIsInR5cCI6IkpXVCJ9.eyJ1c2VyX2lkIjoiNjkwYzQ1MWE5NTZkNTY4OWM5YjBlMmY3IiwidXNlcl9yb2xlIjoidXNlciIsImlhdCI6MTc2MjQxMTgwMn0.kUku2XCnfxqR9ZdyGPmShhGxbpnTWtXwlWDwQLLqrUk,6909c376956d5689c9b0b549,SPLLOADTEST00032,690c462fce1c1489ebdee8e9
user_2b9511,690c4536956d5689c9b0e34f,eyJhbGciOiJIUzI1NiIsInR5cCI6IkpXVCJ9.eyJ1c2VyX2lkIjoiNjkwYzQ1MWE5NTZkNTY4OWM5YjBlMmY3IiwidXNlcl9yb2xlIjoidXNlciIsImlhdCI6MTc2MjQxMTgwMn0.kUku2XCnfxqR9ZdyGPmShhGxbpnTWtXwlWDwQLLqrUk,6909c3765dd34d89da81ccdb,SPLLOADTEST00033,690c462fce1c1489ebdee8e9
user_2b9511,690c4536956d5689c9b0e350,eyJhbGciOiJIUzI1NiIsInR5cCI6IkpXVCJ9.eyJ1c2VyX2lkIjoiNjkwYzQ1MWE5NTZkNTY4OWM5YjBlMmY3IiwidXNlcl9yb2xlIjoidXNlciIsImlhdCI6MTc2MjQxMTgwMn0.kUku2XCnfxqR9ZdyGPmShhGxbpnTWtXwlWDwQLLqrUk,6909c376ce1c1489ebdeb2b3,SPLLOADTEST00034,690c462fce1c1489ebdee8e9
user_2b9511,690c4536956d5689c9b0e351,eyJhbGciOiJIUzI1NiIsInR5cCI6IkpXVCJ9.eyJ1c2VyX2lkIjoiNjkwYzQ1MWE5NTZkNTY4OWM5YjBlMmY3IiwidXNlcl9yb2xlIjoidXNlciIsImlhdCI6MTc2MjQxMTgwMn0.kUku2XCnfxqR9ZdyGPmShhGxbpnTWtXwlWDwQLLqrUk,6909c376956d5689c9b0b54b,SPLLOADTEST00035,690c462fce1c1489ebdee8e9
user_2b9511,690c4536956d5689c9b0e352,eyJhbGciOiJIUzI1NiIsInR5cCI6IkpXVCJ9.eyJ1c2VyX2lkIjoiNjkwYzQ1MWE5NTZkNTY4OWM5YjBlMmY3IiwidXNlcl9yb2xlIjoidXNlciIsImlhdCI6MTc2MjQxMTgwMn0.kUku2XCnfxqR9ZdyGPmShhGxbpnTWtXwlWDwQLLqrUk,6909c3765dd34d89da81ccdd,SPLLOADTEST00036,690c462fce1c1489ebdee8e9
user_2b9511,690c4536956d5689c9b0e353,eyJhbGciOiJIUzI1NiIsInR5cCI6IkpXVCJ9.eyJ1c2VyX2lkIjoiNjkwYzQ1MWE5NTZkNTY4OWM5YjBlMmY3IiwidXNlcl9yb2xlIjoidXNlciIsImlhdCI6MTc2MjQxMTgwMn0.kUku2XCnfxqR9ZdyGPmShhGxbpnTWtXwlWDwQLLqrUk,6909c376ce1c1489ebdeb2b5,SPLLOADTEST00037,690c462fce1c1489ebdee8e9
user_2b9511,690c4536956d5689c9b0e354,eyJhbGciOiJIUzI1NiIsInR5cCI6IkpXVCJ9.eyJ1c2VyX2lkIjoiNjkwYzQ1MWE5NTZkNTY4OWM5YjBlMmY3IiwidXNlcl9yb2xlIjoidXNlciIsImlhdCI6MTc2MjQxMTgwMn0.kUku2XCnfxqR9ZdyGPmShhGxbpnTWtXwlWDwQLLqrUk,6909c377956d5689c9b0b54d,SPLLOADTEST00038,690c462fce1c1489ebdee8e9
user_2b9511,690c4536956d5689c9b0e355,eyJhbGciOiJIUzI1NiIsInR5cCI6IkpXVCJ9.eyJ1c2VyX2lkIjoiNjkwYzQ1MWE5NTZkNTY4OWM5YjBlMmY3IiwidXNlcl9yb2xlIjoidXNlciIsImlhdCI6MTc2MjQxMTgwMn0.kUku2XCnfxqR9ZdyGPmShhGxbpnTWtXwlWDwQLLqrUk,6909c3775dd34d89da81ccdf,SPLLOADTEST00039,690c462fce1c1489ebdee8e9
user_2b9511,690c4536956d5689c9b0e356,eyJhbGciOiJIUzI1NiIsInR5cCI6IkpXVCJ9.eyJ1c2VyX2lkIjoiNjkwYzQ1MWE5NTZkNTY4OWM5YjBlMmY3IiwidXNlcl9yb2xlIjoidXNlciIsImlhdCI6MTc2MjQxMTgwMn0.kUku2XCnfxqR9ZdyGPmShhGxbpnTWtXwlWDwQLLqrUk,6909c377ce1c1489ebdeb2b7,SPLLOADTEST00040,690c462fce1c1489ebdee8e9
user_ea7c15,690c45365dd34d89da81f729,eyJhbGciOiJIUzI1NiIsInR5cCI6IkpXVCJ9.eyJ1c2VyX2lkIjoiNjkwYzQ1MWJjZTFjMTQ4OWViZGVlNjA0IiwidXNlcl9yb2xlIjoidXNlciIsImlhdCI6MTc2MjQxMTgwM30.PVcBCt9b3mQlAGRxXW5zMEZsnpfyr5D4T5uljQvioww,6909c377956d5689c9b0b54f,SPLLOADTEST00041,690c4630956d5689c9b0e60a
user_ea7c15,690c45365dd34d89da81f72a,eyJhbGciOiJIUzI1NiIsInR5cCI6IkpXVCJ9.eyJ1c2VyX2lkIjoiNjkwYzQ1MWJjZTFjMTQ4OWViZGVlNjA0IiwidXNlcl9yb2xlIjoidXNlciIsImlhdCI6MTc2MjQxMTgwM30.PVcBCt9b3mQlAGRxXW5zMEZsnpfyr5D4T5uljQvioww,6909c3775dd34d89da81cce1,SPLLOADTEST00042,690c4630956d5689c9b0e60a
user_ea7c15,690c45365dd34d89da81f72b,eyJhbGciOiJIUzI1NiIsInR5cCI6IkpXVCJ9.eyJ1c2VyX2lkIjoiNjkwYzQ1MWJjZTFjMTQ4OWViZGVlNjA0IiwidXNlcl9yb2xlIjoidXNlciIsImlhdCI6MTc2MjQxMTgwM30.PVcBCt9b3mQlAGRxXW5zMEZsnpfyr5D4T5uljQvioww,6909c377ce1c1489ebdeb2b9,SPLLOADTEST00043,690c4630956d5689c9b0e60a
user_ea7c15,690c45365dd34d89da81f72c,eyJhbGciOiJIUzI1NiIsInR5cCI6IkpXVCJ9.eyJ1c2VyX2lkIjoiNjkwYzQ1MWJjZTFjMTQ4OWViZGVlNjA0IiwidXNlcl9yb2xlIjoidXNlciIsImlhdCI6MTc2MjQxMTgwM30.PVcBCt9b3mQlAGRxXW5zMEZsnpfyr5D4T5uljQvioww,6909c377956d5689c9b0b551,SPLLOADTEST00044,690c4630956d5689c9b0e60a
user_ea7c15,690c45365dd34d89da81f72d,eyJhbGciOiJIUzI1NiIsInR5cCI6IkpXVCJ9.eyJ1c2VyX2lkIjoiNjkwYzQ1MWJjZTFjMTQ4OWViZGVlNjA0IiwidXNlcl9yb2xlIjoidXNlciIsImlhdCI6MTc2MjQxMTgwM30.PVcBCt9b3mQlAGRxXW5zMEZsnpfyr5D4T5uljQvioww,6909c3775dd34d89da81cce3,SPLLOADTEST00045,690c4630956d5689c9b0e60a
user_ea7c15,690c45365dd34d89da81f72e,eyJhbGciOiJIUzI1NiIsInR5cCI6IkpXVCJ9.eyJ1c2VyX2lkIjoiNjkwYzQ1MWJjZTFjMTQ4OWViZGVlNjA0IiwidXNlcl9yb2xlIjoidXNlciIsImlhdCI6MTc2MjQxMTgwM30.PVcBCt9b3mQlAGRxXW5zMEZsnpfyr5D4T5uljQvioww,6909c377ce1c1489ebdeb2bb,SPLLOADTEST00046,690c4630956d5689c9b0e60a
user_ea7c15,690c45365dd34d89da81f72f,eyJhbGciOiJIUzI1NiIsInR5cCI6IkpXVCJ9.eyJ1c2VyX2lkIjoiNjkwYzQ1MWJjZTFjMTQ4OWViZGVlNjA0IiwidXNlcl9yb2xlIjoidXNlciIsImlhdCI6MTc2MjQxMTgwM30.PVcBCt9b3mQlAGRxXW5zMEZsnpfyr5D4T5uljQvioww,6909c377956d5689c9b0b553,SPLLOADTEST00047,690c4630956d5689c9b0e60a
user_ea7c15,690c45365dd34d89da81f730,eyJhbGciOiJIUzI1NiIsInR5cCI6IkpXVCJ9.eyJ1c2VyX2lkIjoiNjkwYzQ1MWJjZTFjMTQ4OWViZGVlNjA0IiwidXNlcl9yb2xlIjoidXNlciIsImlhdCI6MTc2MjQxMTgwM30.PVcBCt9b3mQlAGRxXW5zMEZsnpfyr5D4T5uljQvioww,6909c3775dd34d89da81cce5,SPLLOADTEST00048,690c4630956d5689c9b0e60a
user_ea7c15,690c45365dd34d89da81f731,eyJhbGciOiJIUzI1NiIsInR5cCI6IkpXVCJ9.eyJ1c2VyX2lkIjoiNjkwYzQ1MWJjZTFjMTQ4OWViZGVlNjA0IiwidXNlcl9yb2xlIjoidXNlciIsImlhdCI6MTc2MjQxMTgwM30.PVcBCt9b3mQlAGRxXW5zMEZsnpfyr5D4T5uljQvioww,6909c377ce1c1489ebdeb2bd,SPLLOADTEST00049,690c4630956d5689c9b0e60a
user_ea7c15,690c45365dd34d89da81f732,eyJhbGciOiJIUzI1NiIsInR5cCI6IkpXVCJ9.eyJ1c2VyX2lkIjoiNjkwYzQ1MWJjZTFjMTQ4OWViZGVlNjA0IiwidXNlcl9yb2xlIjoidXNlciIsImlhdCI6MTc2MjQxMTgwM30.PVcBCt9b3mQlAGRxXW5zMEZsnpfyr5D4T5uljQvioww,6909c377956d5689c9b0b555,SPLLOADTEST00050,690c4630956d5689c9b0e60a
user_40083c,690c4536ce1c1489ebdee64c,eyJhbGciOiJIUzI1NiIsInR5cCI6IkpXVCJ9.eyJ1c2VyX2lkIjoiNjkwYzQ1MWI1ZGQzNGQ4OWRhODFmNmUxIiwidXNlcl9yb2xlIjoidXNlciIsImlhdCI6MTc2MjQxMTgwM30.EkBk9Q3svdvx0fgtvBlhaA3eq-QL34EjcytZNzW7Kng,6909c3775dd34d89da81cce7,SPLLOADTEST00051,690c46305dd34d89da81f9c5
user_40083c,690c4536ce1c1489ebdee64d,eyJhbGciOiJIUzI1NiIsInR5cCI6IkpXVCJ9.eyJ1c2VyX2lkIjoiNjkwYzQ1MWI1ZGQzNGQ4OWRhODFmNmUxIiwidXNlcl9yb2xlIjoidXNlciIsImlhdCI6MTc2MjQxMTgwM30.EkBk9Q3svdvx0fgtvBlhaA3eq-QL34EjcytZNzW7Kng,6909c377ce1c1489ebdeb2bf,SPLLOADTEST00052,690c46305dd34d89da81f9c5
user_40083c,690c4536ce1c1489ebdee64e,eyJhbGciOiJIUzI1NiIsInR5cCI6IkpXVCJ9.eyJ1c2VyX2lkIjoiNjkwYzQ1MWI1ZGQzNGQ4OWRhODFmNmUxIiwidXNlcl9yb2xlIjoidXNlciIsImlhdCI6MTc2MjQxMTgwM30.EkBk9Q3svdvx0fgtvBlhaA3eq-QL34EjcytZNzW7Kng,6909c377956d5689c9b0b557,SPLLOADTEST00053,690c46305dd34d89da81f9c5
user_40083c,690c4536ce1c1489ebdee64f,eyJhbGciOiJIUzI1NiIsInR5cCI6IkpXVCJ9.eyJ1c2VyX2lkIjoiNjkwYzQ1MWI1ZGQzNGQ4OWRhODFmNmUxIiwidXNlcl9yb2xlIjoidXNlciIsImlhdCI6MTc2MjQxMTgwM30.EkBk9Q3svdvx0fgtvBlhaA3eq-QL34EjcytZNzW7Kng,6909c3775dd34d89da81cce9,SPLLOADTEST00054,690c46305dd34d89da81f9c5
user_40083c,690c4536ce1c1489ebdee650,eyJhbGciOiJIUzI1NiIsInR5cCI6IkpXVCJ9.eyJ1c2VyX2lkIjoiNjkwYzQ1MWI1ZGQzNGQ4OWRhODFmNmUxIiwidXNlcl9yb2xlIjoidXNlciIsImlhdCI6MTc2MjQxMTgwM30.EkBk9Q3svdvx0fgtvBlhaA3eq-QL34EjcytZNzW7Kng,6909c377ce1c1489ebdeb2c1,SPLLOADTEST00055,690c46305dd34d89da81f9c5
user_40083c,690c4536ce1c1489ebdee651,eyJhbGciOiJIUzI1NiIsInR5cCI6IkpXVCJ9.eyJ1c2VyX2lkIjoiNjkwYzQ1MWI1ZGQzNGQ4OWRhODFmNmUxIiwidXNlcl9yb2xlIjoidXNlciIsImlhdCI6MTc2MjQxMTgwM30.EkBk9Q3svdvx0fgtvBlhaA3eq-QL34EjcytZNzW7Kng,6909c377956d5689c9b0b559,SPLLOADTEST00056,690c46305dd34d89da81f9c5
user_40083c,690c4536ce1c1489ebdee652,eyJhbGciOiJIUzI1NiIsInR5cCI6IkpXVCJ9.eyJ1c2VyX2lkIjoiNjkwYzQ1MWI1ZGQzNGQ4OWRhODFmNmUxIiwidXNlcl9yb2xlIjoidXNlciIsImlhdCI6MTc2MjQxMTgwM30.EkBk9Q3svdvx0fgtvBlhaA3eq-QL34EjcytZNzW7Kng,6909c3775dd34d89da81cceb,SPLLOADTEST00057,690c46305dd34d89da81f9c5
user_40083c,690c4536ce1c1489ebdee653,eyJhbGciOiJIUzI1NiIsInR5cCI6IkpXVCJ9.eyJ1c2VyX2lkIjoiNjkwYzQ1MWI1ZGQzNGQ4OWRhODFmNmUxIiwidXNlcl9yb2xlIjoidXNlciIsImlhdCI6MTc2MjQxMTgwM30.EkBk9Q3svdvx0fgtvBlhaA3eq-QL34EjcytZNzW7Kng,6909c378ce1c1489ebdeb2c3,SPLLOADTEST00058,690c46305dd34d89da81f9c5
user_40083c,690c4536ce1c1489ebdee654,eyJhbGciOiJIUzI1NiIsInR5cCI6IkpXVCJ9.eyJ1c2VyX2lkIjoiNjkwYzQ1MWI1ZGQzNGQ4OWRhODFmNmUxIiwidXNlcl9yb2xlIjoidXNlciIsImlhdCI6MTc2MjQxMTgwM30.EkBk9Q3svdvx0fgtvBlhaA3eq-QL34EjcytZNzW7Kng,6909c378956d5689c9b0b55b,SPLLOADTEST00059,690c46305dd34d89da81f9c5
user_40083c,690c4536ce1c1489ebdee655,eyJhbGciOiJIUzI1NiIsInR5cCI6IkpXVCJ9.eyJ1c2VyX2lkIjoiNjkwYzQ1MWI1ZGQzNGQ4OWRhODFmNmUxIiwidXNlcl9yb2xlIjoidXNlciIsImlhdCI6MTc2MjQxMTgwM30.EkBk9Q3svdvx0fgtvBlhaA3eq-QL34EjcytZNzW7Kng,6909c3785dd34d89da81cced,SPLLOADTEST00060,690c46305dd34d89da81f9c5
user_30addd,690c4536956d5689c9b0e359,eyJhbGciOiJIUzI1NiIsInR5cCI6IkpXVCJ9.eyJ1c2VyX2lkIjoiNjkwYzQ1MWJjZTFjMTQ4OWViZGVlNjBhIiwidXNlcl9yb2xlIjoidXNlciIsImlhdCI6MTc2MjQxMTgwM30.-F1w7isM355tiRFPuwB1KTz8gmy2hXpnbEQRQf-cI-Q,6909c378ce1c1489ebdeb2c5,SPLLOADTEST00061,690c4631ce1c1489ebdee8f9
user_30addd,690c4536956d5689c9b0e35a,eyJhbGciOiJIUzI1NiIsInR5cCI6IkpXVCJ9.eyJ1c2VyX2lkIjoiNjkwYzQ1MWJjZTFjMTQ4OWViZGVlNjBhIiwidXNlcl9yb2xlIjoidXNlciIsImlhdCI6MTc2MjQxMTgwM30.-F1w7isM355tiRFPuwB1KTz8gmy2hXpnbEQRQf-cI-Q,6909c378956d5689c9b0b55d,SPLLOADTEST00062,690c4631ce1c1489ebdee8f9
user_30addd,690c4536956d5689c9b0e35b,eyJhbGciOiJIUzI1NiIsInR5cCI6IkpXVCJ9.eyJ1c2VyX2lkIjoiNjkwYzQ1MWJjZTFjMTQ4OWViZGVlNjBhIiwidXNlcl9yb2xlIjoidXNlciIsImlhdCI6MTc2MjQxMTgwM30.-F1w7isM355tiRFPuwB1KTz8gmy2hXpnbEQRQf-cI-Q,6909c3785dd34d89da81ccef,SPLLOADTEST00063,690c4631ce1c1489ebdee8f9
user_30addd,690c4536956d5689c9b0e35c,eyJhbGciOiJIUzI1NiIsInR5cCI6IkpXVCJ9.eyJ1c2VyX2lkIjoiNjkwYzQ1MWJjZTFjMTQ4OWViZGVlNjBhIiwidXNlcl9yb2xlIjoidXNlciIsImlhdCI6MTc2MjQxMTgwM30.-F1w7isM355tiRFPuwB1KTz8gmy2hXpnbEQRQf-cI-Q,6909c378ce1c1489ebdeb2c7,SPLLOADTEST00064,690c4631ce1c1489ebdee8f9
user_30addd,690c4536956d5689c9b0e35d,eyJhbGciOiJIUzI1NiIsInR5cCI6IkpXVCJ9.eyJ1c2VyX2lkIjoiNjkwYzQ1MWJjZTFjMTQ4OWViZGVlNjBhIiwidXNlcl9yb2xlIjoidXNlciIsImlhdCI6MTc2MjQxMTgwM30.-F1w7isM355tiRFPuwB1KTz8gmy2hXpnbEQRQf-cI-Q,6909c378956d5689c9b0b55f,SPLLOADTEST00065,690c4631ce1c1489ebdee8f9
user_30addd,690c4536956d5689c9b0e35e,eyJhbGciOiJIUzI1NiIsInR5cCI6IkpXVCJ9.eyJ1c2VyX2lkIjoiNjkwYzQ1MWJjZTFjMTQ4OWViZGVlNjBhIiwidXNlcl9yb2xlIjoidXNlciIsImlhdCI6MTc2MjQxMTgwM30.-F1w7isM355tiRFPuwB1KTz8gmy2hXpnbEQRQf-cI-Q,6909c3785dd34d89da81ccf1,SPLLOADTEST00066,690c4631ce1c1489ebdee8f9
user_30addd,690c4536956d5689c9b0e35f,eyJhbGciOiJIUzI1NiIsInR5cCI6IkpXVCJ9.eyJ1c2VyX2lkIjoiNjkwYzQ1MWJjZTFjMTQ4OWViZGVlNjBhIiwidXNlcl9yb2xlIjoidXNlciIsImlhdCI6MTc2MjQxMTgwM30.-F1w7isM355tiRFPuwB1KTz8gmy2hXpnbEQRQf-cI-Q,6909c378ce1c1489ebdeb2c9,SPLLOADTEST00067,690c4631ce1c1489ebdee8f9
user_30addd,690c4536956d5689c9b0e360,eyJhbGciOiJIUzI1NiIsInR5cCI6IkpXVCJ9.eyJ1c2VyX2lkIjoiNjkwYzQ1MWJjZTFjMTQ4OWViZGVlNjBhIiwidXNlcl9yb2xlIjoidXNlciIsImlhdCI6MTc2MjQxMTgwM30.-F1w7isM355tiRFPuwB1KTz8gmy2hXpnbEQRQf-cI-Q,6909c378956d5689c9b0b561,SPLLOADTEST00068,690c4631ce1c1489ebdee8f9
user_30addd,690c4536956d5689c9b0e361,eyJhbGciOiJIUzI1NiIsInR5cCI6IkpXVCJ9.eyJ1c2VyX2lkIjoiNjkwYzQ1MWJjZTFjMTQ4OWViZGVlNjBhIiwidXNlcl9yb2xlIjoidXNlciIsImlhdCI6MTc2MjQxMTgwM30.-F1w7isM355tiRFPuwB1KTz8gmy2hXpnbEQRQf-cI-Q,6909c3785dd34d89da81ccf3,SPLLOADTEST00069,690c4631ce1c1489ebdee8f9
user_30addd,690c4536956d5689c9b0e362,eyJhbGciOiJIUzI1NiIsInR5cCI6IkpXVCJ9.eyJ1c2VyX2lkIjoiNjkwYzQ1MWJjZTFjMTQ4OWViZGVlNjBhIiwidXNlcl9yb2xlIjoidXNlciIsImlhdCI6MTc2MjQxMTgwM30.-F1w7isM355tiRFPuwB1KTz8gmy2hXpnbEQRQf-cI-Q,6909c378ce1c1489ebdeb2cb,SPLLOADTEST00070,690c4631ce1c1489ebdee8f9
user_6452c8,690c45365dd34d89da81f735,eyJhbGciOiJIUzI1NiIsInR5cCI6IkpXVCJ9.eyJ1c2VyX2lkIjoiNjkwYzQ1MWM5NTZkNTY4OWM5YjBlMzA2IiwidXNlcl9yb2xlIjoidXNlciIsImlhdCI6MTc2MjQxMTgwNH0.oURMed2e7nYAwgRXfkirB7Ah8sBtB4znorskeIchjBU,6909c378956d5689c9b0b563,SPLLOADTEST00071,690c4631956d5689c9b0e61a
user_6452c8,690c45365dd34d89da81f736,eyJhbGciOiJIUzI1NiIsInR5cCI6IkpXVCJ9.eyJ1c2VyX2lkIjoiNjkwYzQ1MWM5NTZkNTY4OWM5YjBlMzA2IiwidXNlcl9yb2xlIjoidXNlciIsImlhdCI6MTc2MjQxMTgwNH0.oURMed2e7nYAwgRXfkirB7Ah8sBtB4znorskeIchjBU,6909c3785dd34d89da81ccf5,SPLLOADTEST00072,690c4631956d5689c9b0e61a
user_6452c8,690c45365dd34d89da81f737,eyJhbGciOiJIUzI1NiIsInR5cCI6IkpXVCJ9.eyJ1c2VyX2lkIjoiNjkwYzQ1MWM5NTZkNTY4OWM5YjBlMzA2IiwidXNlcl9yb2xlIjoidXNlciIsImlhdCI6MTc2MjQxMTgwNH0.oURMed2e7nYAwgRXfkirB7Ah8sBtB4znorskeIchjBU,6909c378ce1c1489ebdeb2cd,SPLLOADTEST00073,690c4631956d5689c9b0e61a
user_6452c8,690c45365dd34d89da81f738,eyJhbGciOiJIUzI1NiIsInR5cCI6IkpXVCJ9.eyJ1c2VyX2lkIjoiNjkwYzQ1MWM5NTZkNTY4OWM5YjBlMzA2IiwidXNlcl9yb2xlIjoidXNlciIsImlhdCI6MTc2MjQxMTgwNH0.oURMed2e7nYAwgRXfkirB7Ah8sBtB4znorskeIchjBU,6909c378956d5689c9b0b565,SPLLOADTEST00074,690c4631956d5689c9b0e61a
user_6452c8,690c45365dd34d89da81f739,eyJhbGciOiJIUzI1NiIsInR5cCI6IkpXVCJ9.eyJ1c2VyX2lkIjoiNjkwYzQ1MWM5NTZkNTY4OWM5YjBlMzA2IiwidXNlcl9yb2xlIjoidXNlciIsImlhdCI6MTc2MjQxMTgwNH0.oURMed2e7nYAwgRXfkirB7Ah8sBtB4znorskeIchjBU,6909c3785dd34d89da81ccf7,SPLLOADTEST00075,690c4631956d5689c9b0e61a
user_6452c8,690c45365dd34d89da81f73a,eyJhbGciOiJIUzI1NiIsInR5cCI6IkpXVCJ9.eyJ1c2VyX2lkIjoiNjkwYzQ1MWM5NTZkNTY4OWM5YjBlMzA2IiwidXNlcl9yb2xlIjoidXNlciIsImlhdCI6MTc2MjQxMTgwNH0.oURMed2e7nYAwgRXfkirB7Ah8sBtB4znorskeIchjBU,6909c379ce1c1489ebdeb2cf,SPLLOADTEST00076,690c4631956d5689c9b0e61a
user_6452c8,690c45365dd34d89da81f73b,eyJhbGciOiJIUzI1NiIsInR5cCI6IkpXVCJ9.eyJ1c2VyX2lkIjoiNjkwYzQ1MWM5NTZkNTY4OWM5YjBlMzA2IiwidXNlcl9yb2xlIjoidXNlciIsImlhdCI6MTc2MjQxMTgwNH0.oURMed2e7nYAwgRXfkirB7Ah8sBtB4znorskeIchjBU,6909c379956d5689c9b0b567,SPLLOADTEST00077,690c4631956d5689c9b0e61a
user_6452c8,690c45365dd34d89da81f73c,eyJhbGciOiJIUzI1NiIsInR5cCI6IkpXVCJ9.eyJ1c2VyX2lkIjoiNjkwYzQ1MWM5NTZkNTY4OWM5YjBlMzA2IiwidXNlcl9yb2xlIjoidXNlciIsImlhdCI6MTc2MjQxMTgwNH0.oURMed2e7nYAwgRXfkirB7Ah8sBtB4znorskeIchjBU,6909c3795dd34d89da81ccf9,SPLLOADTEST00078,690c4631956d5689c9b0e61a
user_6452c8,690c45365dd34d89da81f73d,eyJhbGciOiJIUzI1NiIsInR5cCI6IkpXVCJ9.eyJ1c2VyX2lkIjoiNjkwYzQ1MWM5NTZkNTY4OWM5YjBlMzA2IiwidXNlcl9yb2xlIjoidXNlciIsImlhdCI6MTc2MjQxMTgwNH0.oURMed2e7nYAwgRXfkirB7Ah8sBtB4znorskeIchjBU,6909c379ce1c1489ebdeb2d1,SPLLOADTEST00079,690c4631956d5689c9b0e61a
user_6452c8,690c45365dd34d89da81f73e,eyJhbGciOiJIUzI1NiIsInR5cCI6IkpXVCJ9.eyJ1c2VyX2lkIjoiNjkwYzQ1MWM5NTZkNTY4OWM5YjBlMzA2IiwidXNlcl9yb2xlIjoidXNlciIsImlhdCI6MTc2MjQxMTgwNH0.oURMed2e7nYAwgRXfkirB7Ah8sBtB4znorskeIchjBU,6909c379956d5689c9b0b569,SPLLOADTEST00080,690c4631956d5689c9b0e61a
user_23c49e,690c4536ce1c1489ebdee658,eyJhbGciOiJIUzI1NiIsInR5cCI6IkpXVCJ9.eyJ1c2VyX2lkIjoiNjkwYzQ1MWM1ZGQzNGQ4OWRhODFmNmU3IiwidXNlcl9yb2xlIjoidXNlciIsImlhdCI6MTc2MjQxMTgwNH0.QPuWl8Q5YKehjEJjUKTIKgZTm2B5tr17YRuPm3FGUoo,6909c3795dd34d89da81ccfb,SPLLOADTEST00081,690c46315dd34d89da81f9d5
user_23c49e,690c4536ce1c1489ebdee659,eyJhbGciOiJIUzI1NiIsInR5cCI6IkpXVCJ9.eyJ1c2VyX2lkIjoiNjkwYzQ1MWM1ZGQzNGQ4OWRhODFmNmU3IiwidXNlcl9yb2xlIjoidXNlciIsImlhdCI6MTc2MjQxMTgwNH0.QPuWl8Q5YKehjEJjUKTIKgZTm2B5tr17YRuPm3FGUoo,6909c379ce1c1489ebdeb2d3,SPLLOADTEST00082,690c46315dd34d89da81f9d5
user_23c49e,690c4536ce1c1489ebdee65a,eyJhbGciOiJIUzI1NiIsInR5cCI6IkpXVCJ9.eyJ1c2VyX2lkIjoiNjkwYzQ1MWM1ZGQzNGQ4OWRhODFmNmU3IiwidXNlcl9yb2xlIjoidXNlciIsImlhdCI6MTc2MjQxMTgwNH0.QPuWl8Q5YKehjEJjUKTIKgZTm2B5tr17YRuPm3FGUoo,6909c379956d5689c9b0b56b,SPLLOADTEST00083,690c46315dd34d89da81f9d5
user_23c49e,690c4536ce1c1489ebdee65b,eyJhbGciOiJIUzI1NiIsInR5cCI6IkpXVCJ9.eyJ1c2VyX2lkIjoiNjkwYzQ1MWM1ZGQzNGQ4OWRhODFmNmU3IiwidXNlcl9yb2xlIjoidXNlciIsImlhdCI6MTc2MjQxMTgwNH0.QPuWl8Q5YKehjEJjUKTIKgZTm2B5tr17YRuPm3FGUoo,6909c3795dd34d89da81ccfd,SPLLOADTEST00084,690c46315dd34d89da81f9d5
user_23c49e,690c4536ce1c1489ebdee65c,eyJhbGciOiJIUzI1NiIsInR5cCI6IkpXVCJ9.eyJ1c2VyX2lkIjoiNjkwYzQ1MWM1ZGQzNGQ4OWRhODFmNmU3IiwidXNlcl9yb2xlIjoidXNlciIsImlhdCI6MTc2MjQxMTgwNH0.QPuWl8Q5YKehjEJjUKTIKgZTm2B5tr17YRuPm3FGUoo,6909c379ce1c1489ebdeb2d5,SPLLOADTEST00085,690c46315dd34d89da81f9d5
user_23c49e,690c4536ce1c1489ebdee65d,eyJhbGciOiJIUzI1NiIsInR5cCI6IkpXVCJ9.eyJ1c2VyX2lkIjoiNjkwYzQ1MWM1ZGQzNGQ4OWRhODFmNmU3IiwidXNlcl9yb2xlIjoidXNlciIsImlhdCI6MTc2MjQxMTgwNH0.QPuWl8Q5YKehjEJjUKTIKgZTm2B5tr17YRuPm3FGUoo,6909c379956d5689c9b0b56d,SPLLOADTEST00086,690c46315dd34d89da81f9d5
user_23c49e,690c4536ce1c1489ebdee65e,eyJhbGciOiJIUzI1NiIsInR5cCI6IkpXVCJ9.eyJ1c2VyX2lkIjoiNjkwYzQ1MWM1ZGQzNGQ4OWRhODFmNmU3IiwidXNlcl9yb2xlIjoidXNlciIsImlhdCI6MTc2MjQxMTgwNH0.QPuWl8Q5YKehjEJjUKTIKgZTm2B5tr17YRuPm3FGUoo,6909c3795dd34d89da81ccff,SPLLOADTEST00087,690c46315dd34d89da81f9d5
user_23c49e,690c4536ce1c1489ebdee65f,eyJhbGciOiJIUzI1NiIsInR5cCI6IkpXVCJ9.eyJ1c2VyX2lkIjoiNjkwYzQ1MWM1ZGQzNGQ4OWRhODFmNmU3IiwidXNlcl9yb2xlIjoidXNlciIsImlhdCI6MTc2MjQxMTgwNH0.QPuWl8Q5YKehjEJjUKTIKgZTm2B5tr17YRuPm3FGUoo,6909c379ce1c1489ebdeb2d7,SPLLOADTEST00088,690c46315dd34d89da81f9d5
user_23c49e,690c4536ce1c1489ebdee660,eyJhbGciOiJIUzI1NiIsInR5cCI6IkpXVCJ9.eyJ1c2VyX2lkIjoiNjkwYzQ1MWM1ZGQzNGQ4OWRhODFmNmU3IiwidXNlcl9yb2xlIjoidXNlciIsImlhdCI6MTc2MjQxMTgwNH0.QPuWl8Q5YKehjEJjUKTIKgZTm2B5tr17YRuPm3FGUoo,6909c379956d5689c9b0b56f,SPLLOADTEST00089,690c46315dd34d89da81f9d5
user_23c49e,690c4536ce1c1489ebdee661,eyJhbGciOiJIUzI1NiIsInR5cCI6IkpXVCJ9.eyJ1c2VyX2lkIjoiNjkwYzQ1MWM1ZGQzNGQ4OWRhODFmNmU3IiwidXNlcl9yb2xlIjoidXNlciIsImlhdCI6MTc2MjQxMTgwNH0.QPuWl8Q5YKehjEJjUKTIKgZTm2B5tr17YRuPm3FGUoo,6909c3795dd34d89da81cd01,SPLLOADTEST00090,690c46315dd34d89da81f9d5
user_7807f8,690c4537956d5689c9b0e365,eyJhbGciOiJIUzI1NiIsInR5cCI6IkpXVCJ9.eyJ1c2VyX2lkIjoiNjkwYzQ1MWM5NTZkNTY4OWM5YjBlMzBjIiwidXNlcl9yb2xlIjoidXNlciIsImlhdCI6MTc2MjQxMTgwNH0.5L-Y23hgUXCru66rTC9AOrgMhZMGzcE3s_6jcv9ejrg,6909c379ce1c1489ebdeb2d9,SPLLOADTEST00091,690c4631ce1c1489ebdee909
user_7807f8,690c4537956d5689c9b0e366,eyJhbGciOiJIUzI1NiIsInR5cCI6IkpXVCJ9.eyJ1c2VyX2lkIjoiNjkwYzQ1MWM5NTZkNTY4OWM5YjBlMzBjIiwidXNlcl9yb2xlIjoidXNlciIsImlhdCI6MTc2MjQxMTgwNH0.5L-Y23hgUXCru66rTC9AOrgMhZMGzcE3s_6jcv9ejrg,6909c379956d5689c9b0b571,SPLLOADTEST00092,690c4631ce1c1489ebdee909
user_7807f8,690c4537956d5689c9b0e367,eyJhbGciOiJIUzI1NiIsInR5cCI6IkpXVCJ9.eyJ1c2VyX2lkIjoiNjkwYzQ1MWM5NTZkNTY4OWM5YjBlMzBjIiwidXNlcl9yb2xlIjoidXNlciIsImlhdCI6MTc2MjQxMTgwNH0.5L-Y23hgUXCru66rTC9AOrgMhZMGzcE3s_6jcv9ejrg,6909c3795dd34d89da81cd03,SPLLOADTEST00093,690c4631ce1c1489ebdee909
user_7807f8,690c4537956d5689c9b0e368,eyJhbGciOiJIUzI1NiIsInR5cCI6IkpXVCJ9.eyJ1c2VyX2lkIjoiNjkwYzQ1MWM5NTZkNTY4OWM5YjBlMzBjIiwidXNlcl9yb2xlIjoidXNlciIsImlhdCI6MTc2MjQxMTgwNH0.5L-Y23hgUXCru66rTC9AOrgMhZMGzcE3s_6jcv9ejrg,6909c379ce1c1489ebdeb2db,SPLLOADTEST00094,690c4631ce1c1489ebdee909
user_7807f8,690c4537956d5689c9b0e369,eyJhbGciOiJIUzI1NiIsInR5cCI6IkpXVCJ9.eyJ1c2VyX2lkIjoiNjkwYzQ1MWM5NTZkNTY4OWM5YjBlMzBjIiwidXNlcl9yb2xlIjoidXNlciIsImlhdCI6MTc2MjQxMTgwNH0.5L-Y23hgUXCru66rTC9AOrgMhZMGzcE3s_6jcv9ejrg,6909c379956d5689c9b0b573,SPLLOADTEST00095,690c4631ce1c1489ebdee909
user_7807f8,690c4537956d5689c9b0e36a,eyJhbGciOiJIUzI1NiIsInR5cCI6IkpXVCJ9.eyJ1c2VyX2lkIjoiNjkwYzQ1MWM5NTZkNTY4OWM5YjBlMzBjIiwidXNlcl9yb2xlIjoidXNlciIsImlhdCI6MTc2MjQxMTgwNH0.5L-Y23hgUXCru66rTC9AOrgMhZMGzcE3s_6jcv9ejrg,6909c37a5dd34d89da81cd05,SPLLOADTEST00096,690c4631ce1c1489ebdee909
user_7807f8,690c4537956d5689c9b0e36b,eyJhbGciOiJIUzI1NiIsInR5cCI6IkpXVCJ9.eyJ1c2VyX2lkIjoiNjkwYzQ1MWM5NTZkNTY4OWM5YjBlMzBjIiwidXNlcl9yb2xlIjoidXNlciIsImlhdCI6MTc2MjQxMTgwNH0.5L-Y23hgUXCru66rTC9AOrgMhZMGzcE3s_6jcv9ejrg,6909c37ace1c1489ebdeb2dd,SPLLOADTEST00097,690c4631ce1c1489ebdee909
user_7807f8,690c4537956d5689c9b0e36c,eyJhbGciOiJIUzI1NiIsInR5cCI6IkpXVCJ9.eyJ1c2VyX2lkIjoiNjkwYzQ1MWM5NTZkNTY4OWM5YjBlMzBjIiwidXNlcl9yb2xlIjoidXNlciIsImlhdCI6MTc2MjQxMTgwNH0.5L-Y23hgUXCru66rTC9AOrgMhZMGzcE3s_6jcv9ejrg,6909c37a956d5689c9b0b575,SPLLOADTEST00098,690c4631ce1c1489ebdee909
user_7807f8,690c4537956d5689c9b0e36d,eyJhbGciOiJIUzI1NiIsInR5cCI6IkpXVCJ9.eyJ1c2VyX2lkIjoiNjkwYzQ1MWM5NTZkNTY4OWM5YjBlMzBjIiwidXNlcl9yb2xlIjoidXNlciIsImlhdCI6MTc2MjQxMTgwNH0.5L-Y23hgUXCru66rTC9AOrgMhZMGzcE3s_6jcv9ejrg,6909c37a5dd34d89da81cd07,SPLLOADTEST00099,690c4631ce1c1489ebdee909
user_7807f8,690c4537956d5689c9b0e36e,eyJhbGciOiJIUzI1NiIsInR5cCI6IkpXVCJ9.eyJ1c2VyX2lkIjoiNjkwYzQ1MWM5NTZkNTY4OWM5YjBlMzBjIiwidXNlcl9yb2xlIjoidXNlciIsImlhdCI6MTc2MjQxMTgwNH0.5L-Y23hgUXCru66rTC9AOrgMhZMGzcE3s_6jcv9ejrg,6909c37ace1c1489ebdeb2df,SPLLOADTEST00100,690c4631ce1c1489ebdee909
