Username,Token,Locationid
user_6f0127,eyJhbGciOiJIUzI1NiIsInR5cCI6IkpXVCJ9.eyJ1c2VyX2lkIjoiNjkwYzQ1MTg5NTZkNTY4OWM5YjBlMmYxIiwidXNlcl9yb2xlIjoidXNlciIsImlhdCI6MTc2MjQxMTgwMH0.3w7GeTUT235EJ9ZZStJC-5sMfofdrYpTQVKiX4u5n3o,690c4536956d5689c9b0e341
user_6f0127,eyJhbGciOiJIUzI1NiIsInR5cCI6IkpXVCJ9.eyJ1c2VyX2lkIjoiNjkwYzQ1MTg5NTZkNTY4OWM5YjBlMmYxIiwidXNlcl9yb2xlIjoidXNlciIsImlhdCI6MTc2MjQxMTgwMH0.3w7GeTUT235EJ9ZZStJC-5sMfofdrYpTQVKiX4u5n3o,690c4536956d5689c9b0e342
user_6f0127,eyJhbGciOiJIUzI1NiIsInR5cCI6IkpXVCJ9.eyJ1c2VyX2lkIjoiNjkwYzQ1MTg5NTZkNTY4OWM5YjBlMmYxIiwidXNlcl9yb2xlIjoidXNlciIsImlhdCI6MTc2MjQxMTgwMH0.3w7GeTUT235EJ9ZZStJC-5sMfofdrYpTQVKiX4u5n3o,690c4536956d5689c9b0e343
user_6f0127,eyJhbGciOiJIUzI1NiIsInR5cCI6IkpXVCJ9.eyJ1c2VyX2lkIjoiNjkwYzQ1MTg5NTZkNTY4OWM5YjBlMmYxIiwidXNlcl9yb2xlIjoidXNlciIsImlhdCI6MTc2MjQxMTgwMH0.3w7GeTUT235EJ9ZZStJC-5sMfofdrYpTQVKiX4u5n3o,690c4536956d5689c9b0e344
user_6f0127,eyJhbGciOiJIUzI1NiIsInR5cCI6IkpXVCJ9.eyJ1c2VyX2lkIjoiNjkwYzQ1MTg5NTZkNTY4OWM5YjBlMmYxIiwidXNlcl9yb2xlIjoidXNlciIsImlhdCI6MTc2MjQxMTgwMH0.3w7GeTUT235EJ9ZZStJC-5sMfofdrYpTQVKiX4u5n3o,690c4536956d5689c9b0e345
user_6f0127,eyJhbGciOiJIUzI1NiIsInR5cCI6IkpXVCJ9.eyJ1c2VyX2lkIjoiNjkwYzQ1MTg5NTZkNTY4OWM5YjBlMmYxIiwidXNlcl9yb2xlIjoidXNlciIsImlhdCI6MTc2MjQxMTgwMH0.3w7GeTUT235EJ9ZZStJC-5sMfofdrYpTQVKiX4u5n3o,690c4536956d5689c9b0e346
user_6f0127,eyJhbGciOiJIUzI1NiIsInR5cCI6IkpXVCJ9.eyJ1c2VyX2lkIjoiNjkwYzQ1MTg5NTZkNTY4OWM5YjBlMmYxIiwidXNlcl9yb2xlIjoidXNlciIsImlhdCI6MTc2MjQxMTgwMH0.3w7GeTUT235EJ9ZZStJC-5sMfofdrYpTQVKiX4u5n3o,690c4536956d5689c9b0e347
user_6f0127,eyJhbGciOiJIUzI1NiIsInR5cCI6IkpXVCJ9.eyJ1c2VyX2lkIjoiNjkwYzQ1MTg5NTZkNTY4OWM5YjBlMmYxIiwidXNlcl9yb2xlIjoidXNlciIsImlhdCI6MTc2MjQxMTgwMH0.3w7GeTUT235EJ9ZZStJC-5sMfofdrYpTQVKiX4u5n3o,690c4536956d5689c9b0e348
user_6f0127,eyJhbGciOiJIUzI1NiIsInR5cCI6IkpXVCJ9.eyJ1c2VyX2lkIjoiNjkwYzQ1MTg5NTZkNTY4OWM5YjBlMmYxIiwidXNlcl9yb2xlIjoidXNlciIsImlhdCI6MTc2MjQxMTgwMH0.3w7GeTUT235EJ9ZZStJC-5sMfofdrYpTQVKiX4u5n3o,690c4536956d5689c9b0e349
user_6f0127,eyJhbGciOiJIUzI1NiIsInR5cCI6IkpXVCJ9.eyJ1c2VyX2lkIjoiNjkwYzQ1MTg5NTZkNTY4OWM5YjBlMmYxIiwidXNlcl9yb2xlIjoidXNlciIsImlhdCI6MTc2MjQxMTgwMH0.3w7GeTUT235EJ9ZZStJC-5sMfofdrYpTQVKiX4u5n3o,690c4536956d5689c9b0e34a
user_1f5a18,eyJhbGciOiJIUzI1NiIsInR5cCI6IkpXVCJ9.eyJ1c2VyX2lkIjoiNjkwYzQ1MTk1ZGQzNGQ4OWRhODFmNmNlIiwidXNlcl9yb2xlIjoidXNlciIsImlhdCI6MTc2MjQxMTgwMX0.R3lM_8L8xmGeCMa_SIDv9NyMAoG67DiSQxOVoviQd8g,690c45365dd34d89da81f71d
user_1f5a18,eyJhbGciOiJIUzI1NiIsInR5cCI6IkpXVCJ9.eyJ1c2VyX2lkIjoiNjkwYzQ1MTk1ZGQzNGQ4OWRhODFmNmNlIiwidXNlcl9yb2xlIjoidXNlciIsImlhdCI6MTc2MjQxMTgwMX0.R3lM_8L8xmGeCMa_SIDv9NyMAoG67DiSQxOVoviQd8g,690c45365dd34d89da81f71e
user_1f5a18,eyJhbGciOiJIUzI1NiIsInR5cCI6IkpXVCJ9.eyJ1c2VyX2lkIjoiNjkwYzQ1MTk1ZGQzNGQ4OWRhODFmNmNlIiwidXNlcl9yb2xlIjoidXNlciIsImlhdCI6MTc2MjQxMTgwMX0.R3lM_8L8xmGeCMa_SIDv9NyMAoG67DiSQxOVoviQd8g,690c45365dd34d89da81f71f
user_1f5a18,eyJhbGciOiJIUzI1NiIsInR5cCI6IkpXVCJ9.eyJ1c2VyX2lkIjoiNjkwYzQ1MTk1ZGQzNGQ4OWRhODFmNmNlIiwidXNlcl9yb2xlIjoidXNlciIsImlhdCI6MTc2MjQxMTgwMX0.R3lM_8L8xmGeCMa_SIDv9NyMAoG67DiSQxOVoviQd8g,690c45365dd34d89da81f720
user_1f5a18,eyJhbGciOiJIUzI1NiIsInR5cCI6IkpXVCJ9.eyJ1c2VyX2lkIjoiNjkwYzQ1MTk1ZGQzNGQ4OWRhODFmNmNlIiwidXNlcl9yb2xlIjoidXNlciIsImlhdCI6MTc2MjQxMTgwMX0.R3lM_8L8xmGeCMa_SIDv9NyMAoG67DiSQxOVoviQd8g,690c45365dd34d89da81f721
user_1f5a18,eyJhbGciOiJIUzI1NiIsInR5cCI6IkpXVCJ9.eyJ1c2VyX2lkIjoiNjkwYzQ1MTk1ZGQzNGQ4OWRhODFmNmNlIiwidXNlcl9yb2xlIjoidXNlciIsImlhdCI6MTc2MjQxMTgwMX0.R3lM_8L8xmGeCMa_SIDv9NyMAoG67DiSQxOVoviQd8g,690c45365dd34d89da81f722
user_1f5a18,eyJhbGciOiJIUzI1NiIsInR5cCI6IkpXVCJ9.eyJ1c2VyX2lkIjoiNjkwYzQ1MTk1ZGQzNGQ4OWRhODFmNmNlIiwidXNlcl9yb2xlIjoidXNlciIsImlhdCI6MTc2MjQxMTgwMX0.R3lM_8L8xmGeCMa_SIDv9NyMAoG67DiSQxOVoviQd8g,690c45365dd34d89da81f723
user_1f5a18,eyJhbGciOiJIUzI1NiIsInR5cCI6IkpXVCJ9.eyJ1c2VyX2lkIjoiNjkwYzQ1MTk1ZGQzNGQ4OWRhODFmNmNlIiwidXNlcl9yb2xlIjoidXNlciIsImlhdCI6MTc2MjQxMTgwMX0.R3lM_8L8xmGeCMa_SIDv9NyMAoG67DiSQxOVoviQd8g,690c45365dd34d89da81f724
user_1f5a18,eyJhbGciOiJIUzI1NiIsInR5cCI6IkpXVCJ9.eyJ1c2VyX2lkIjoiNjkwYzQ1MTk1ZGQzNGQ4OWRhODFmNmNlIiwidXNlcl9yb2xlIjoidXNlciIsImlhdCI6MTc2MjQxMTgwMX0.R3lM_8L8xmGeCMa_SIDv9NyMAoG67DiSQxOVoviQd8g,690c45365dd34d89da81f725
user_1f5a18,eyJhbGciOiJIUzI1NiIsInR5cCI6IkpXVCJ9.eyJ1c2VyX2lkIjoiNjkwYzQ1MTk1ZGQzNGQ4OWRhODFmNmNlIiwidXNlcl9yb2xlIjoidXNlciIsImlhdCI6MTc2MjQxMTgwMX0.R3lM_8L8xmGeCMa_SIDv9NyMAoG67DiSQxOVoviQd8g,690c45365dd34d89da81f726
user_8d4c76,eyJhbGciOiJIUzI1NiIsInR5cCI6IkpXVCJ9.eyJ1c2VyX2lkIjoiNjkwYzQ1MWFjZTFjMTQ4OWViZGVlNWY0IiwidXNlcl9yb2xlIjoidXNlciIsImlhdCI6MTc2MjQxMTgwMn0.mKPGs0Ns_HZ9Jws0YTYFdsIXbe2drHUWPNGVudYZnNs,690c4536ce1c1489ebdee640
user_8d4c76,eyJhbGciOiJIUzI1NiIsInR5cCI6IkpXVCJ9.eyJ1c2VyX2lkIjoiNjkwYzQ1MWFjZTFjMTQ4OWViZGVlNWY0IiwidXNlcl9yb2xlIjoidXNlciIsImlhdCI6MTc2MjQxMTgwMn0.mKPGs0Ns_HZ9Jws0YTYFdsIXbe2drHUWPNGVudYZnNs,690c4536ce1c1489ebdee641
user_8d4c76,eyJhbGciOiJIUzI1NiIsInR5cCI6IkpXVCJ9.eyJ1c2VyX2lkIjoiNjkwYzQ1MWFjZTFjMTQ4OWViZGVlNWY0IiwidXNlcl9yb2xlIjoidXNlciIsImlhdCI6MTc2MjQxMTgwMn0.mKPGs0Ns_HZ9Jws0YTYFdsIXbe2drHUWPNGVudYZnNs,690c4536ce1c1489ebdee642
user_8d4c76,eyJhbGciOiJIUzI1NiIsInR5cCI6IkpXVCJ9.eyJ1c2VyX2lkIjoiNjkwYzQ1MWFjZTFjMTQ4OWViZGVlNWY0IiwidXNlcl9yb2xlIjoidXNlciIsImlhdCI6MTc2MjQxMTgwMn0.mKPGs0Ns_HZ9Jws0YTYFdsIXbe2drHUWPNGVudYZnNs,690c4536ce1c1489ebdee643
user_8d4c76,eyJhbGciOiJIUzI1NiIsInR5cCI6IkpXVCJ9.eyJ1c2VyX2lkIjoiNjkwYzQ1MWFjZTFjMTQ4OWViZGVlNWY0IiwidXNlcl9yb2xlIjoidXNlciIsImlhdCI6MTc2MjQxMTgwMn0.mKPGs0Ns_HZ9Jws0YTYFdsIXbe2drHUWPNGVudYZnNs,690c4536ce1c1489ebdee644
user_8d4c76,eyJhbGciOiJIUzI1NiIsInR5cCI6IkpXVCJ9.eyJ1c2VyX2lkIjoiNjkwYzQ1MWFjZTFjMTQ4OWViZGVlNWY0IiwidXNlcl9yb2xlIjoidXNlciIsImlhdCI6MTc2MjQxMTgwMn0.mKPGs0Ns_HZ9Jws0YTYFdsIXbe2drHUWPNGVudYZnNs,690c4536ce1c1489ebdee645
user_8d4c76,eyJhbGciOiJIUzI1NiIsInR5cCI6IkpXVCJ9.eyJ1c2VyX2lkIjoiNjkwYzQ1MWFjZTFjMTQ4OWViZGVlNWY0IiwidXNlcl9yb2xlIjoidXNlciIsImlhdCI6MTc2MjQxMTgwMn0.mKPGs0Ns_HZ9Jws0YTYFdsIXbe2drHUWPNGVudYZnNs,690c4536ce1c1489ebdee646
user_8d4c76,eyJhbGciOiJIUzI1NiIsInR5cCI6IkpXVCJ9.eyJ1c2VyX2lkIjoiNjkwYzQ1MWFjZTFjMTQ4OWViZGVlNWY0IiwidXNlcl9yb2xlIjoidXNlciIsImlhdCI6MTc2MjQxMTgwMn0.mKPGs0Ns_HZ9Jws0YTYFdsIXbe2drHUWPNGVudYZnNs,690c4536ce1c1489ebdee647
user_8d4c76,eyJhbGciOiJIUzI1NiIsInR5cCI6IkpXVCJ9.eyJ1c2VyX2lkIjoiNjkwYzQ1MWFjZTFjMTQ4OWViZGVlNWY0IiwidXNlcl9yb2xlIjoidXNlciIsImlhdCI6MTc2MjQxMTgwMn0.mKPGs0Ns_HZ9Jws0YTYFdsIXbe2drHUWPNGVudYZnNs,690c4536ce1c1489ebdee648
user_8d4c76,eyJhbGciOiJIUzI1NiIsInR5cCI6IkpXVCJ9.eyJ1c2VyX2lkIjoiNjkwYzQ1MWFjZTFjMTQ4OWViZGVlNWY0IiwidXNlcl9yb2xlIjoidXNlciIsImlhdCI6MTc2MjQxMTgwMn0.mKPGs0Ns_HZ9Jws0YTYFdsIXbe2drHUWPNGVudYZnNs,690c4536ce1c1489ebdee649
user_2b9511,eyJhbGciOiJIUzI1NiIsInR5cCI6IkpXVCJ9.eyJ1c2VyX2lkIjoiNjkwYzQ1MWE5NTZkNTY4OWM5YjBlMmY3IiwidXNlcl9yb2xlIjoidXNlciIsImlhdCI6MTc2MjQxMTgwMn0.kUku2XCnfxqR9ZdyGPmShhGxbpnTWtXwlWDwQLLqrUk,690c4536956d5689c9b0e34d
user_2b9511,eyJhbGciOiJIUzI1NiIsInR5cCI6IkpXVCJ9.eyJ1c2VyX2lkIjoiNjkwYzQ1MWE5NTZkNTY4OWM5YjBlMmY3IiwidXNlcl9yb2xlIjoidXNlciIsImlhdCI6MTc2MjQxMTgwMn0.kUku2XCnfxqR9ZdyGPmShhGxbpnTWtXwlWDwQLLqrUk,690c4536956d5689c9b0e34e
user_2b9511,eyJhbGciOiJIUzI1NiIsInR5cCI6IkpXVCJ9.eyJ1c2VyX2lkIjoiNjkwYzQ1MWE5NTZkNTY4OWM5YjBlMmY3IiwidXNlcl9yb2xlIjoidXNlciIsImlhdCI6MTc2MjQxMTgwMn0.kUku2XCnfxqR9ZdyGPmShhGxbpnTWtXwlWDwQLLqrUk,690c4536956d5689c9b0e34f
user_2b9511,eyJhbGciOiJIUzI1NiIsInR5cCI6IkpXVCJ9.eyJ1c2VyX2lkIjoiNjkwYzQ1MWE5NTZkNTY4OWM5YjBlMmY3IiwidXNlcl9yb2xlIjoidXNlciIsImlhdCI6MTc2MjQxMTgwMn0.kUku2XCnfxqR9ZdyGPmShhGxbpnTWtXwlWDwQLLqrUk,690c4536956d5689c9b0e350
user_2b9511,eyJhbGciOiJIUzI1NiIsInR5cCI6IkpXVCJ9.eyJ1c2VyX2lkIjoiNjkwYzQ1MWE5NTZkNTY4OWM5YjBlMmY3IiwidXNlcl9yb2xlIjoidXNlciIsImlhdCI6MTc2MjQxMTgwMn0.kUku2XCnfxqR9ZdyGPmShhGxbpnTWtXwlWDwQLLqrUk,690c4536956d5689c9b0e351
user_2b9511,eyJhbGciOiJIUzI1NiIsInR5cCI6IkpXVCJ9.eyJ1c2VyX2lkIjoiNjkwYzQ1MWE5NTZkNTY4OWM5YjBlMmY3IiwidXNlcl9yb2xlIjoidXNlciIsImlhdCI6MTc2MjQxMTgwMn0.kUku2XCnfxqR9ZdyGPmShhGxbpnTWtXwlWDwQLLqrUk,690c4536956d5689c9b0e352
user_2b9511,eyJhbGciOiJIUzI1NiIsInR5cCI6IkpXVCJ9.eyJ1c2VyX2lkIjoiNjkwYzQ1MWE5NTZkNTY4OWM5YjBlMmY3IiwidXNlcl9yb2xlIjoidXNlciIsImlhdCI6MTc2MjQxMTgwMn0.kUku2XCnfxqR9ZdyGPmShhGxbpnTWtXwlWDwQLLqrUk,690c4536956d5689c9b0e353
user_2b9511,eyJhbGciOiJIUzI1NiIsInR5cCI6IkpXVCJ9.eyJ1c2VyX2lkIjoiNjkwYzQ1MWE5NTZkNTY4OWM5YjBlMmY3IiwidXNlcl9yb2xlIjoidXNlciIsImlhdCI6MTc2MjQxMTgwMn0.kUku2XCnfxqR9ZdyGPmShhGxbpnTWtXwlWDwQLLqrUk,690c4536956d5689c9b0e354
user_2b9511,eyJhbGciOiJIUzI1NiIsInR5cCI6IkpXVCJ9.eyJ1c2VyX2lkIjoiNjkwYzQ1MWE5NTZkNTY4OWM5YjBlMmY3IiwidXNlcl9yb2xlIjoidXNlciIsImlhdCI6MTc2MjQxMTgwMn0.kUku2XCnfxqR9ZdyGPmShhGxbpnTWtXwlWDwQLLqrUk,690c4536956d5689c9b0e355
user_2b9511,eyJhbGciOiJIUzI1NiIsInR5cCI6IkpXVCJ9.eyJ1c2VyX2lkIjoiNjkwYzQ1MWE5NTZkNTY4OWM5YjBlMmY3IiwidXNlcl9yb2xlIjoidXNlciIsImlhdCI6MTc2MjQxMTgwMn0.kUku2XCnfxqR9ZdyGPmShhGxbpnTWtXwlWDwQLLqrUk,690c4536956d5689c9b0e356
user_ea7c15,eyJhbGciOiJIUzI1NiIsInR5cCI6IkpXVCJ9.eyJ1c2VyX2lkIjoiNjkwYzQ1MWJjZTFjMTQ4OWViZGVlNjA0IiwidXNlcl9yb2xlIjoidXNlciIsImlhdCI6MTc2MjQxMTgwM30.PVcBCt9b3mQlAGRxXW5zMEZsnpfyr5D4T5uljQvioww,690c45365dd34d89da81f729
user_ea7c15,eyJhbGciOiJIUzI1NiIsInR5cCI6IkpXVCJ9.eyJ1c2VyX2lkIjoiNjkwYzQ1MWJjZTFjMTQ4OWViZGVlNjA0IiwidXNlcl9yb2xlIjoidXNlciIsImlhdCI6MTc2MjQxMTgwM30.PVcBCt9b3mQlAGRxXW5zMEZsnpfyr5D4T5uljQvioww,690c45365dd34d89da81f72a
user_ea7c15,eyJhbGciOiJIUzI1NiIsInR5cCI6IkpXVCJ9.eyJ1c2VyX2lkIjoiNjkwYzQ1MWJjZTFjMTQ4OWViZGVlNjA0IiwidXNlcl9yb2xlIjoidXNlciIsImlhdCI6MTc2MjQxMTgwM30.PVcBCt9b3mQlAGRxXW5zMEZsnpfyr5D4T5uljQvioww,690c45365dd34d89da81f72b
user_ea7c15,eyJhbGciOiJIUzI1NiIsInR5cCI6IkpXVCJ9.eyJ1c2VyX2lkIjoiNjkwYzQ1MWJjZTFjMTQ4OWViZGVlNjA0IiwidXNlcl9yb2xlIjoidXNlciIsImlhdCI6MTc2MjQxMTgwM30.PVcBCt9b3mQlAGRxXW5zMEZsnpfyr5D4T5uljQvioww,690c45365dd34d89da81f72c
user_ea7c15,eyJhbGciOiJIUzI1NiIsInR5cCI6IkpXVCJ9.eyJ1c2VyX2lkIjoiNjkwYzQ1MWJjZTFjMTQ4OWViZGVlNjA0IiwidXNlcl9yb2xlIjoidXNlciIsImlhdCI6MTc2MjQxMTgwM30.PVcBCt9b3mQlAGRxXW5zMEZsnpfyr5D4T5uljQvioww,690c45365dd34d89da81f72d
user_ea7c15,eyJhbGciOiJIUzI1NiIsInR5cCI6IkpXVCJ9.eyJ1c2VyX2lkIjoiNjkwYzQ1MWJjZTFjMTQ4OWViZGVlNjA0IiwidXNlcl9yb2xlIjoidXNlciIsImlhdCI6MTc2MjQxMTgwM30.PVcBCt9b3mQlAGRxXW5zMEZsnpfyr5D4T5uljQvioww,690c45365dd34d89da81f72e
user_ea7c15,eyJhbGciOiJIUzI1NiIsInR5cCI6IkpXVCJ9.eyJ1c2VyX2lkIjoiNjkwYzQ1MWJjZTFjMTQ4OWViZGVlNjA0IiwidXNlcl9yb2xlIjoidXNlciIsImlhdCI6MTc2MjQxMTgwM30.PVcBCt9b3mQlAGRxXW5zMEZsnpfyr5D4T5uljQvioww,690c45365dd34d89da81f72f
user_ea7c15,eyJhbGciOiJIUzI1NiIsInR5cCI6IkpXVCJ9.eyJ1c2VyX2lkIjoiNjkwYzQ1MWJjZTFjMTQ4OWViZGVlNjA0IiwidXNlcl9yb2xlIjoidXNlciIsImlhdCI6MTc2MjQxMTgwM30.PVcBCt9b3mQlAGRxXW5zMEZsnpfyr5D4T5uljQvioww,690c45365dd34d89da81f730
user_ea7c15,eyJhbGciOiJIUzI1NiIsInR5cCI6IkpXVCJ9.eyJ1c2VyX2lkIjoiNjkwYzQ1MWJjZTFjMTQ4OWViZGVlNjA0IiwidXNlcl9yb2xlIjoidXNlciIsImlhdCI6MTc2MjQxMTgwM30.PVcBCt9b3mQlAGRxXW5zMEZsnpfyr5D4T5uljQvioww,690c45365dd34d89da81f731
user_ea7c15,eyJhbGciOiJIUzI1NiIsInR5cCI6IkpXVCJ9.eyJ1c2VyX2lkIjoiNjkwYzQ1MWJjZTFjMTQ4OWViZGVlNjA0IiwidXNlcl9yb2xlIjoidXNlciIsImlhdCI6MTc2MjQxMTgwM30.PVcBCt9b3mQlAGRxXW5zMEZsnpfyr5D4T5uljQvioww,690c45365dd34d89da81f732
user_40083c,eyJhbGciOiJIUzI1NiIsInR5cCI6IkpXVCJ9.eyJ1c2VyX2lkIjoiNjkwYzQ1MWI1ZGQzNGQ4OWRhODFmNmUxIiwidXNlcl9yb2xlIjoidXNlciIsImlhdCI6MTc2MjQxMTgwM30.EkBk9Q3svdvx0fgtvBlhaA3eq-QL34EjcytZNzW7Kng,690c4536ce1c1489ebdee64c
user_40083c,eyJhbGciOiJIUzI1NiIsInR5cCI6IkpXVCJ9.eyJ1c2VyX2lkIjoiNjkwYzQ1MWI1ZGQzNGQ4OWRhODFmNmUxIiwidXNlcl9yb2xlIjoidXNlciIsImlhdCI6MTc2MjQxMTgwM30.EkBk9Q3svdvx0fgtvBlhaA3eq-QL34EjcytZNzW7Kng,690c4536ce1c1489ebdee64d
user_40083c,eyJhbGciOiJIUzI1NiIsInR5cCI6IkpXVCJ9.eyJ1c2VyX2lkIjoiNjkwYzQ1MWI1ZGQzNGQ4OWRhODFmNmUxIiwidXNlcl9yb2xlIjoidXNlciIsImlhdCI6MTc2MjQxMTgwM30.EkBk9Q3svdvx0fgtvBlhaA3eq-QL34EjcytZNzW7Kng,690c4536ce1c1489ebdee64e
user_40083c,eyJhbGciOiJIUzI1NiIsInR5cCI6IkpXVCJ9.eyJ1c2VyX2lkIjoiNjkwYzQ1MWI1ZGQzNGQ4OWRhODFmNmUxIiwidXNlcl9yb2xlIjoidXNlciIsImlhdCI6MTc2MjQxMTgwM30.EkBk9Q3svdvx0fgtvBlhaA3eq-QL34EjcytZNzW7Kng,690c4536ce1c1489ebdee64f
user_40083c,eyJhbGciOiJIUzI1NiIsInR5cCI6IkpXVCJ9.eyJ1c2VyX2lkIjoiNjkwYzQ1MWI1ZGQzNGQ4OWRhODFmNmUxIiwidXNlcl9yb2xlIjoidXNlciIsImlhdCI6MTc2MjQxMTgwM30.EkBk9Q3svdvx0fgtvBlhaA3eq-QL34EjcytZNzW7Kng,690c4536ce1c1489ebdee650
user_40083c,eyJhbGciOiJIUzI1NiIsInR5cCI6IkpXVCJ9.eyJ1c2VyX2lkIjoiNjkwYzQ1MWI1ZGQzNGQ4OWRhODFmNmUxIiwidXNlcl9yb2xlIjoidXNlciIsImlhdCI6MTc2MjQxMTgwM30.EkBk9Q3svdvx0fgtvBlhaA3eq-QL34EjcytZNzW7Kng,690c4536ce1c1489ebdee651
user_40083c,eyJhbGciOiJIUzI1NiIsInR5cCI6IkpXVCJ9.eyJ1c2VyX2lkIjoiNjkwYzQ1MWI1ZGQzNGQ4OWRhODFmNmUxIiwidXNlcl9yb2xlIjoidXNlciIsImlhdCI6MTc2MjQxMTgwM30.EkBk9Q3svdvx0fgtvBlhaA3eq-QL34EjcytZNzW7Kng,690c4536ce1c1489ebdee652
user_40083c,eyJhbGciOiJIUzI1NiIsInR5cCI6IkpXVCJ9.eyJ1c2VyX2lkIjoiNjkwYzQ1MWI1ZGQzNGQ4OWRhODFmNmUxIiwidXNlcl9yb2xlIjoidXNlciIsImlhdCI6MTc2MjQxMTgwM30.EkBk9Q3svdvx0fgtvBlhaA3eq-QL34EjcytZNzW7Kng,690c4536ce1c1489ebdee653
user_40083c,eyJhbGciOiJIUzI1NiIsInR5cCI6IkpXVCJ9.eyJ1c2VyX2lkIjoiNjkwYzQ1MWI1ZGQzNGQ4OWRhODFmNmUxIiwidXNlcl9yb2xlIjoidXNlciIsImlhdCI6MTc2MjQxMTgwM30.EkBk9Q3svdvx0fgtvBlhaA3eq-QL34EjcytZNzW7Kng,690c4536ce1c1489ebdee654
user_40083c,eyJhbGciOiJIUzI1NiIsInR5cCI6IkpXVCJ9.eyJ1c2VyX2lkIjoiNjkwYzQ1MWI1ZGQzNGQ4OWRhODFmNmUxIiwidXNlcl9yb2xlIjoidXNlciIsImlhdCI6MTc2MjQxMTgwM30.EkBk9Q3svdvx0fgtvBlhaA3eq-QL34EjcytZNzW7Kng,690c4536ce1c1489ebdee655
user_30addd,eyJhbGciOiJIUzI1NiIsInR5cCI6IkpXVCJ9.eyJ1c2VyX2lkIjoiNjkwYzQ1MWJjZTFjMTQ4OWViZGVlNjBhIiwidXNlcl9yb2xlIjoidXNlciIsImlhdCI6MTc2MjQxMTgwM30.-F1w7isM355tiRFPuwB1KTz8gmy2hXpnbEQRQf-cI-Q,690c4536956d5689c9b0e359
user_30addd,eyJhbGciOiJIUzI1NiIsInR5cCI6IkpXVCJ9.eyJ1c2VyX2lkIjoiNjkwYzQ1MWJjZTFjMTQ4OWViZGVlNjBhIiwidXNlcl9yb2xlIjoidXNlciIsImlhdCI6MTc2MjQxMTgwM30.-F1w7isM355tiRFPuwB1KTz8gmy2hXpnbEQRQf-cI-Q,690c4536956d5689c9b0e35a
user_30addd,eyJhbGciOiJIUzI1NiIsInR5cCI6IkpXVCJ9.eyJ1c2VyX2lkIjoiNjkwYzQ1MWJjZTFjMTQ4OWViZGVlNjBhIiwidXNlcl9yb2xlIjoidXNlciIsImlhdCI6MTc2MjQxMTgwM30.-F1w7isM355tiRFPuwB1KTz8gmy2hXpnbEQRQf-cI-Q,690c4536956d5689c9b0e35b
user_30addd,eyJhbGciOiJIUzI1NiIsInR5cCI6IkpXVCJ9.eyJ1c2VyX2lkIjoiNjkwYzQ1MWJjZTFjMTQ4OWViZGVlNjBhIiwidXNlcl9yb2xlIjoidXNlciIsImlhdCI6MTc2MjQxMTgwM30.-F1w7isM355tiRFPuwB1KTz8gmy2hXpnbEQRQf-cI-Q,690c4536956d5689c9b0e35c
user_30addd,eyJhbGciOiJIUzI1NiIsInR5cCI6IkpXVCJ9.eyJ1c2VyX2lkIjoiNjkwYzQ1MWJjZTFjMTQ4OWViZGVlNjBhIiwidXNlcl9yb2xlIjoidXNlciIsImlhdCI6MTc2MjQxMTgwM30.-F1w7isM355tiRFPuwB1KTz8gmy2hXpnbEQRQf-cI-Q,690c4536956d5689c9b0e35d
user_30addd,eyJhbGciOiJIUzI1NiIsInR5cCI6IkpXVCJ9.eyJ1c2VyX2lkIjoiNjkwYzQ1MWJjZTFjMTQ4OWViZGVlNjBhIiwidXNlcl9yb2xlIjoidXNlciIsImlhdCI6MTc2MjQxMTgwM30.-F1w7isM355tiRFPuwB1KTz8gmy2hXpnbEQRQf-cI-Q,690c4536956d5689c9b0e35e
user_30addd,eyJhbGciOiJIUzI1NiIsInR5cCI6IkpXVCJ9.eyJ1c2VyX2lkIjoiNjkwYzQ1MWJjZTFjMTQ4OWViZGVlNjBhIiwidXNlcl9yb2xlIjoidXNlciIsImlhdCI6MTc2MjQxMTgwM30.-F1w7isM355tiRFPuwB1KTz8gmy2hXpnbEQRQf-cI-Q,690c4536956d5689c9b0e35f
user_30addd,eyJhbGciOiJIUzI1NiIsInR5cCI6IkpXVCJ9.eyJ1c2VyX2lkIjoiNjkwYzQ1MWJjZTFjMTQ4OWViZGVlNjBhIiwidXNlcl9yb2xlIjoidXNlciIsImlhdCI6MTc2MjQxMTgwM30.-F1w7isM355tiRFPuwB1KTz8gmy2hXpnbEQRQf-cI-Q,690c4536956d5689c9b0e360
user_30addd,eyJhbGciOiJIUzI1NiIsInR5cCI6IkpXVCJ9.eyJ1c2VyX2lkIjoiNjkwYzQ1MWJjZTFjMTQ4OWViZGVlNjBhIiwidXNlcl9yb2xlIjoidXNlciIsImlhdCI6MTc2MjQxMTgwM30.-F1w7isM355tiRFPuwB1KTz8gmy2hXpnbEQRQf-cI-Q,690c4536956d5689c9b0e361
user_30addd,eyJhbGciOiJIUzI1NiIsInR5cCI6IkpXVCJ9.eyJ1c2VyX2lkIjoiNjkwYzQ1MWJjZTFjMTQ4OWViZGVlNjBhIiwidXNlcl9yb2xlIjoidXNlciIsImlhdCI6MTc2MjQxMTgwM30.-F1w7isM355tiRFPuwB1KTz8gmy2hXpnbEQRQf-cI-Q,690c4536956d5689c9b0e362
user_6452c8,eyJhbGciOiJIUzI1NiIsInR5cCI6IkpXVCJ9.eyJ1c2VyX2lkIjoiNjkwYzQ1MWM5NTZkNTY4OWM5YjBlMzA2IiwidXNlcl9yb2xlIjoidXNlciIsImlhdCI6MTc2MjQxMTgwNH0.oURMed2e7nYAwgRXfkirB7Ah8sBtB4znorskeIchjBU,690c45365dd34d89da81f735
user_6452c8,eyJhbGciOiJIUzI1NiIsInR5cCI6IkpXVCJ9.eyJ1c2VyX2lkIjoiNjkwYzQ1MWM5NTZkNTY4OWM5YjBlMzA2IiwidXNlcl9yb2xlIjoidXNlciIsImlhdCI6MTc2MjQxMTgwNH0.oURMed2e7nYAwgRXfkirB7Ah8sBtB4znorskeIchjBU,690c45365dd34d89da81f736
user_6452c8,eyJhbGciOiJIUzI1NiIsInR5cCI6IkpXVCJ9.eyJ1c2VyX2lkIjoiNjkwYzQ1MWM5NTZkNTY4OWM5YjBlMzA2IiwidXNlcl9yb2xlIjoidXNlciIsImlhdCI6MTc2MjQxMTgwNH0.oURMed2e7nYAwgRXfkirB7Ah8sBtB4znorskeIchjBU,690c45365dd34d89da81f737
user_6452c8,eyJhbGciOiJIUzI1NiIsInR5cCI6IkpXVCJ9.eyJ1c2VyX2lkIjoiNjkwYzQ1MWM5NTZkNTY4OWM5YjBlMzA2IiwidXNlcl9yb2xlIjoidXNlciIsImlhdCI6MTc2MjQxMTgwNH0.oURMed2e7nYAwgRXfkirB7Ah8sBtB4znorskeIchjBU,690c45365dd34d89da81f738
user_6452c8,eyJhbGciOiJIUzI1NiIsInR5cCI6IkpXVCJ9.eyJ1c2VyX2lkIjoiNjkwYzQ1MWM5NTZkNTY4OWM5YjBlMzA2IiwidXNlcl9yb2xlIjoidXNlciIsImlhdCI6MTc2MjQxMTgwNH0.oURMed2e7nYAwgRXfkirB7Ah8sBtB4znorskeIchjBU,690c45365dd34d89da81f739
user_6452c8,eyJhbGciOiJIUzI1NiIsInR5cCI6IkpXVCJ9.eyJ1c2VyX2lkIjoiNjkwYzQ1MWM5NTZkNTY4OWM5YjBlMzA2IiwidXNlcl9yb2xlIjoidXNlciIsImlhdCI6MTc2MjQxMTgwNH0.oURMed2e7nYAwgRXfkirB7Ah8sBtB4znorskeIchjBU,690c45365dd34d89da81f73a
user_6452c8,eyJhbGciOiJIUzI1NiIsInR5cCI6IkpXVCJ9.eyJ1c2VyX2lkIjoiNjkwYzQ1MWM5NTZkNTY4OWM5YjBlMzA2IiwidXNlcl9yb2xlIjoidXNlciIsImlhdCI6MTc2MjQxMTgwNH0.oURMed2e7nYAwgRXfkirB7Ah8sBtB4znorskeIchjBU,690c45365dd34d89da81f73b
user_6452c8,eyJhbGciOiJIUzI1NiIsInR5cCI6IkpXVCJ9.eyJ1c2VyX2lkIjoiNjkwYzQ1MWM5NTZkNTY4OWM5YjBlMzA2IiwidXNlcl9yb2xlIjoidXNlciIsImlhdCI6MTc2MjQxMTgwNH0.oURMed2e7nYAwgRXfkirB7Ah8sBtB4znorskeIchjBU,690c45365dd34d89da81f73c
user_6452c8,eyJhbGciOiJIUzI1NiIsInR5cCI6IkpXVCJ9.eyJ1c2VyX2lkIjoiNjkwYzQ1MWM5NTZkNTY4OWM5YjBlMzA2IiwidXNlcl9yb2xlIjoidXNlciIsImlhdCI6MTc2MjQxMTgwNH0.oURMed2e7nYAwgRXfkirB7Ah8sBtB4znorskeIchjBU,690c45365dd34d89da81f73d
user_6452c8,eyJhbGciOiJIUzI1NiIsInR5cCI6IkpXVCJ9.eyJ1c2VyX2lkIjoiNjkwYzQ1MWM5NTZkNTY4OWM5YjBlMzA2IiwidXNlcl9yb2xlIjoidXNlciIsImlhdCI6MTc2MjQxMTgwNH0.oURMed2e7nYAwgRXfkirB7Ah8sBtB4znorskeIchjBU,690c45365dd34d89da81f73e
user_23c49e,eyJhbGciOiJIUzI1NiIsInR5cCI6IkpXVCJ9.eyJ1c2VyX2lkIjoiNjkwYzQ1MWM1ZGQzNGQ4OWRhODFmNmU3IiwidXNlcl9yb2xlIjoidXNlciIsImlhdCI6MTc2MjQxMTgwNH0.QPuWl8Q5YKehjEJjUKTIKgZTm2B5tr17YRuPm3FGUoo,690c4536ce1c1489ebdee658
user_23c49e,eyJhbGciOiJIUzI1NiIsInR5cCI6IkpXVCJ9.eyJ1c2VyX2lkIjoiNjkwYzQ1MWM1ZGQzNGQ4OWRhODFmNmU3IiwidXNlcl9yb2xlIjoidXNlciIsImlhdCI6MTc2MjQxMTgwNH0.QPuWl8Q5YKehjEJjUKTIKgZTm2B5tr17YRuPm3FGUoo,690c4536ce1c1489ebdee659
user_23c49e,eyJhbGciOiJIUzI1NiIsInR5cCI6IkpXVCJ9.eyJ1c2VyX2lkIjoiNjkwYzQ1MWM1ZGQzNGQ4OWRhODFmNmU3IiwidXNlcl9yb2xlIjoidXNlciIsImlhdCI6MTc2MjQxMTgwNH0.QPuWl8Q5YKehjEJjUKTIKgZTm2B5tr17YRuPm3FGUoo,690c4536ce1c1489ebdee65a
user_23c49e,eyJhbGciOiJIUzI1NiIsInR5cCI6IkpXVCJ9.eyJ1c2VyX2lkIjoiNjkwYzQ1MWM1ZGQzNGQ4OWRhODFmNmU3IiwidXNlcl9yb2xlIjoidXNlciIsImlhdCI6MTc2MjQxMTgwNH0.QPuWl8Q5YKehjEJjUKTIKgZTm2B5tr17YRuPm3FGUoo,690c4536ce1c1489ebdee65b
user_23c49e,eyJhbGciOiJIUzI1NiIsInR5cCI6IkpXVCJ9.eyJ1c2VyX2lkIjoiNjkwYzQ1MWM1ZGQzNGQ4OWRhODFmNmU3IiwidXNlcl9yb2xlIjoidXNlciIsImlhdCI6MTc2MjQxMTgwNH0.QPuWl8Q5YKehjEJjUKTIKgZTm2B5tr17YRuPm3FGUoo,690c4536ce1c1489ebdee65c
user_23c49e,eyJhbGciOiJIUzI1NiIsInR5cCI6IkpXVCJ9.eyJ1c2VyX2lkIjoiNjkwYzQ1MWM1ZGQzNGQ4OWRhODFmNmU3IiwidXNlcl9yb2xlIjoidXNlciIsImlhdCI6MTc2MjQxMTgwNH0.QPuWl8Q5YKehjEJjUKTIKgZTm2B5tr17YRuPm3FGUoo,690c4536ce1c1489ebdee65d
user_23c49e,eyJhbGciOiJIUzI1NiIsInR5cCI6IkpXVCJ9.eyJ1c2VyX2lkIjoiNjkwYzQ1MWM1ZGQzNGQ4OWRhODFmNmU3IiwidXNlcl9yb2xlIjoidXNlciIsImlhdCI6MTc2MjQxMTgwNH0.QPuWl8Q5YKehjEJjUKTIKgZTm2B5tr17YRuPm3FGUoo,690c4536ce1c1489ebdee65e
user_23c49e,eyJhbGciOiJIUzI1NiIsInR5cCI6IkpXVCJ9.eyJ1c2VyX2lkIjoiNjkwYzQ1MWM1ZGQzNGQ4OWRhODFmNmU3IiwidXNlcl9yb2xlIjoidXNlciIsImlhdCI6MTc2MjQxMTgwNH0.QPuWl8Q5YKehjEJjUKTIKgZTm2B5tr17YRuPm3FGUoo,690c4536ce1c1489ebdee65f
user_23c49e,eyJhbGciOiJIUzI1NiIsInR5cCI6IkpXVCJ9.eyJ1c2VyX2lkIjoiNjkwYzQ1MWM1ZGQzNGQ4OWRhODFmNmU3IiwidXNlcl9yb2xlIjoidXNlciIsImlhdCI6MTc2MjQxMTgwNH0.QPuWl8Q5YKehjEJjUKTIKgZTm2B5tr17YRuPm3FGUoo,690c4536ce1c1489ebdee660
user_23c49e,eyJhbGciOiJIUzI1NiIsInR5cCI6IkpXVCJ9.eyJ1c2VyX2lkIjoiNjkwYzQ1MWM1ZGQzNGQ4OWRhODFmNmU3IiwidXNlcl9yb2xlIjoidXNlciIsImlhdCI6MTc2MjQxMTgwNH0.QPuWl8Q5YKehjEJjUKTIKgZTm2B5tr17YRuPm3FGUoo,690c4536ce1c1489ebdee661
user_7807f8,eyJhbGciOiJIUzI1NiIsInR5cCI6IkpXVCJ9.eyJ1c2VyX2lkIjoiNjkwYzQ1MWM5NTZkNTY4OWM5YjBlMzBjIiwidXNlcl9yb2xlIjoidXNlciIsImlhdCI6MTc2MjQxMTgwNH0.5L-Y23hgUXCru66rTC9AOrgMhZMGzcE3s_6jcv9ejrg,690c4537956d5689c9b0e365
user_7807f8,eyJhbGciOiJIUzI1NiIsInR5cCI6IkpXVCJ9.eyJ1c2VyX2lkIjoiNjkwYzQ1MWM5NTZkNTY4OWM5YjBlMzBjIiwidXNlcl9yb2xlIjoidXNlciIsImlhdCI6MTc2MjQxMTgwNH0.5L-Y23hgUXCru66rTC9AOrgMhZMGzcE3s_6jcv9ejrg,690c4537956d5689c9b0e366
user_7807f8,eyJhbGciOiJIUzI1NiIsInR5cCI6IkpXVCJ9.eyJ1c2VyX2lkIjoiNjkwYzQ1MWM5NTZkNTY4OWM5YjBlMzBjIiwidXNlcl9yb2xlIjoidXNlciIsImlhdCI6MTc2MjQxMTgwNH0.5L-Y23hgUXCru66rTC9AOrgMhZMGzcE3s_6jcv9ejrg,690c4537956d5689c9b0e367
user_7807f8,eyJhbGciOiJIUzI1NiIsInR5cCI6IkpXVCJ9.eyJ1c2VyX2lkIjoiNjkwYzQ1MWM5NTZkNTY4OWM5YjBlMzBjIiwidXNlcl9yb2xlIjoidXNlciIsImlhdCI6MTc2MjQxMTgwNH0.5L-Y23hgUXCru66rTC9AOrgMhZMGzcE3s_6jcv9ejrg,690c4537956d5689c9b0e368
user_7807f8,eyJhbGciOiJIUzI1NiIsInR5cCI6IkpXVCJ9.eyJ1c2VyX2lkIjoiNjkwYzQ1MWM5NTZkNTY4OWM5YjBlMzBjIiwidXNlcl9yb2xlIjoidXNlciIsImlhdCI6MTc2MjQxMTgwNH0.5L-Y23hgUXCru66rTC9AOrgMhZMGzcE3s_6jcv9ejrg,690c4537956d5689c9b0e369
user_7807f8,eyJhbGciOiJIUzI1NiIsInR5cCI6IkpXVCJ9.eyJ1c2VyX2lkIjoiNjkwYzQ1MWM5NTZkNTY4OWM5YjBlMzBjIiwidXNlcl9yb2xlIjoidXNlciIsImlhdCI6MTc2MjQxMTgwNH0.5L-Y23hgUXCru66rTC9AOrgMhZMGzcE3s_6jcv9ejrg,690c4537956d5689c9b0e36a
user_7807f8,eyJhbGciOiJIUzI1NiIsInR5cCI6IkpXVCJ9.eyJ1c2VyX2lkIjoiNjkwYzQ1MWM5NTZkNTY4OWM5YjBlMzBjIiwidXNlcl9yb2xlIjoidXNlciIsImlhdCI6MTc2MjQxMTgwNH0.5L-Y23hgUXCru66rTC9AOrgMhZMGzcE3s_6jcv9ejrg,690c4537956d5689c9b0e36b
user_7807f8,eyJhbGciOiJIUzI1NiIsInR5cCI6IkpXVCJ9.eyJ1c2VyX2lkIjoiNjkwYzQ1MWM5NTZkNTY4OWM5YjBlMzBjIiwidXNlcl9yb2xlIjoidXNlciIsImlhdCI6MTc2MjQxMTgwNH0.5L-Y23hgUXCru66rTC9AOrgMhZMGzcE3s_6jcv9ejrg,690c4537956d5689c9b0e36c
user_7807f8,eyJhbGciOiJIUzI1NiIsInR5cCI6IkpXVCJ9.eyJ1c2VyX2lkIjoiNjkwYzQ1MWM5NTZkNTY4OWM5YjBlMzBjIiwidXNlcl9yb2xlIjoidXNlciIsImlhdCI6MTc2MjQxMTgwNH0.5L-Y23hgUXCru66rTC9AOrgMhZMGzcE3s_6jcv9ejrg,690c4537956d5689c9b0e36d
user_7807f8,eyJhbGciOiJIUzI1NiIsInR5cCI6IkpXVCJ9.eyJ1c2VyX2lkIjoiNjkwYzQ1MWM5NTZkNTY4OWM5YjBlMzBjIiwidXNlcl9yb2xlIjoidXNlciIsImlhdCI6MTc2MjQxMTgwNH0.5L-Y23hgUXCru66rTC9AOrgMhZMGzcE3s_6jcv9ejrg,690c4537956d5689c9b0e36e
